,y
0,no
1,no
2,no
3,no
4,no
5,no
6,no
7,no
8,no
9,no
10,no
11,no
12,no
13,yes
14,no
15,no
16,no
17,no
18,no
19,no
20,no
21,no
22,no
23,no
24,no
25,no
26,no
27,no
28,no
29,no
30,yes
31,no
32,no
33,yes
34,yes
35,no
36,yes
37,yes
38,yes
39,no
40,no
41,no
42,no
43,no
44,no
45,no
46,no
47,no
48,no
49,yes
50,yes
51,no
52,no
53,yes
54,no
55,no
56,no
57,no
58,no
59,no
60,no
61,no
62,no
63,no
64,no
65,no
66,no
67,no
68,no
69,no
70,yes
71,no
72,no
73,no
74,no
75,no
76,no
77,no
78,no
79,no
80,yes
81,no
82,no
83,yes
84,yes
85,no
86,no
87,no
88,no
89,no
90,no
91,no
92,yes
93,no
94,no
95,no
96,no
97,no
98,no
99,yes
100,no
101,no
102,no
103,no
104,no
105,no
106,no
107,no
108,yes
109,no
110,yes
111,no
112,no
113,no
114,yes
115,yes
116,no
117,no
118,no
119,no
120,no
121,no
122,no
123,no
124,no
125,yes
126,no
127,no
128,no
129,yes
130,no
131,no
132,no
133,no
134,no
135,no
136,no
137,no
138,yes
139,no
140,no
141,no
142,no
143,no
144,no
145,no
146,no
147,no
148,no
149,no
150,no
151,no
152,no
153,no
154,no
155,no
156,yes
157,no
158,no
159,no
160,no
161,no
162,no
163,no
164,yes
165,no
166,no
167,no
168,no
169,no
170,no
171,no
172,no
173,no
174,no
175,no
176,no
177,no
178,no
179,no
180,no
181,no
182,no
183,no
184,no
185,no
186,no
187,no
188,no
189,yes
190,no
191,no
192,no
193,no
194,no
195,no
196,no
197,no
198,no
199,yes
200,no
201,no
202,yes
203,no
204,yes
205,no
206,no
207,no
208,no
209,no
210,no
211,no
212,no
213,no
214,no
215,yes
216,no
217,no
218,no
219,no
220,no
221,no
222,no
223,no
224,no
225,no
226,no
227,no
228,no
229,no
230,no
231,no
232,no
233,no
234,no
235,no
236,no
237,no
238,no
239,no
240,no
241,no
242,no
243,no
244,no
245,no
246,no
247,no
248,no
249,no
250,no
251,no
252,no
253,no
254,no
255,no
256,no
257,no
258,no
259,yes
260,no
261,no
262,no
263,no
264,no
265,no
266,no
267,no
268,no
269,no
270,no
271,yes
272,no
273,no
274,no
275,no
276,no
277,no
278,no
279,no
280,no
281,no
282,no
283,no
284,no
285,no
286,no
287,no
288,no
289,yes
290,yes
291,no
292,no
293,no
294,no
295,yes
296,no
297,yes
298,yes
299,yes
300,no
301,no
302,no
303,no
304,no
305,no
306,yes
307,no
308,no
309,no
310,no
311,no
312,no
313,no
314,yes
315,no
316,no
317,no
318,yes
319,no
320,no
321,no
322,no
323,yes
324,no
325,no
326,no
327,yes
328,yes
329,no
330,no
331,no
332,no
333,yes
334,yes
335,no
336,no
337,no
338,no
339,no
340,no
341,no
342,no
343,no
344,no
345,no
346,no
347,yes
348,no
349,no
350,no
351,no
352,no
353,no
354,no
355,no
356,no
357,no
358,yes
359,no
360,no
361,no
362,no
363,no
364,no
365,no
366,no
367,no
368,yes
369,no
370,no
371,no
372,no
373,no
374,no
375,no
376,no
377,yes
378,no
379,no
380,no
381,no
382,yes
383,no
384,no
385,no
386,no
387,no
388,no
389,no
390,no
391,no
392,no
393,no
394,no
395,no
396,no
397,no
398,no
399,no
400,no
401,yes
402,no
403,no
404,no
405,no
406,no
407,no
408,no
409,yes
410,no
411,no
412,yes
413,no
414,no
415,yes
416,no
417,no
418,no
419,no
420,no
421,no
422,no
423,no
424,no
425,no
426,no
427,no
428,no
429,no
430,no
431,no
432,no
433,no
434,no
435,no
436,no
437,no
438,no
439,no
440,no
441,no
442,no
443,yes
444,no
445,no
446,no
447,no
448,no
449,no
450,yes
451,no
452,no
453,no
454,no
455,no
456,yes
457,no
458,no
459,no
460,no
461,no
462,no
463,no
464,yes
465,no
466,no
467,no
468,no
469,no
470,no
471,no
472,no
473,yes
474,no
475,no
476,no
477,yes
478,no
479,no
480,no
481,no
482,no
483,no
484,no
485,no
486,no
487,no
488,no
489,no
490,no
491,no
492,yes
493,yes
494,yes
495,no
496,no
497,no
498,no
499,no
500,no
501,no
502,no
503,yes
504,no
505,no
506,no
507,no
508,no
509,yes
510,no
511,no
512,yes
513,no
514,no
515,no
516,no
517,yes
518,no
519,no
520,no
521,no
522,no
523,no
524,no
525,no
526,no
527,no
528,no
529,no
530,no
531,no
532,no
533,no
534,no
535,no
536,no
537,no
538,no
539,no
540,yes
541,no
542,no
543,no
544,no
545,no
546,no
547,no
548,no
549,no
550,no
551,no
552,no
553,no
554,no
555,no
556,no
557,yes
558,yes
559,no
560,no
561,no
562,no
563,no
564,no
565,no
566,no
567,no
568,no
569,no
570,no
571,no
572,no
573,no
574,no
575,no
576,no
577,no
578,no
579,no
580,no
581,yes
582,no
583,no
584,no
585,no
586,no
587,no
588,no
589,no
590,no
591,no
592,no
593,no
594,no
595,no
596,no
597,no
598,no
599,no
600,no
601,no
602,no
603,yes
604,no
605,no
606,no
607,no
608,no
609,no
610,no
611,no
612,no
613,yes
614,no
615,no
616,no
617,no
618,no
619,yes
620,no
621,no
622,no
623,no
624,no
625,no
626,no
627,no
628,no
629,no
630,yes
631,no
632,no
633,no
634,yes
635,no
636,no
637,no
638,no
639,yes
640,no
641,no
642,no
643,yes
644,no
645,yes
646,no
647,no
648,no
649,no
650,no
651,no
652,no
653,no
654,no
655,no
656,no
657,no
658,no
659,no
660,no
661,yes
662,yes
663,no
664,no
665,no
666,no
667,no
668,no
669,no
670,no
671,no
672,no
673,no
674,no
675,no
676,no
677,no
678,no
679,no
680,no
681,no
682,no
683,no
684,yes
685,no
686,no
687,no
688,no
689,no
690,no
691,no
692,no
693,no
694,no
695,no
696,no
697,no
698,no
699,no
700,no
701,no
702,yes
703,no
704,yes
705,yes
706,no
707,no
708,no
709,no
710,no
711,no
712,no
713,no
714,no
715,no
716,no
717,no
718,no
719,no
720,no
721,no
722,no
723,no
724,no
725,no
726,no
727,no
728,no
729,no
730,no
731,no
732,yes
733,no
734,no
735,no
736,no
737,yes
738,no
739,no
740,no
741,yes
742,no
743,yes
744,no
745,no
746,no
747,no
748,no
749,no
750,no
751,no
752,no
753,no
754,no
755,no
756,yes
757,no
758,no
759,no
760,no
761,no
762,no
763,no
764,no
765,no
766,no
767,no
768,no
769,no
770,no
771,no
772,no
773,no
774,no
775,no
776,no
777,no
778,no
779,no
780,no
781,no
782,no
783,no
784,no
785,no
786,no
787,no
788,no
789,no
790,no
791,no
792,no
793,no
794,yes
795,no
796,no
797,no
798,no
799,no
800,no
801,no
802,no
803,no
804,no
805,no
806,no
807,no
808,no
809,yes
810,no
811,no
812,no
813,no
814,no
815,no
816,no
817,no
818,no
819,no
820,no
821,no
822,no
823,yes
824,no
825,no
826,no
827,no
828,no
829,no
830,no
831,yes
832,no
833,no
834,no
835,no
836,no
837,yes
838,no
839,no
840,no
841,no
842,no
843,no
844,no
845,no
846,no
847,no
848,no
849,yes
850,no
851,no
852,no
853,no
854,no
855,yes
856,no
857,no
858,no
859,no
860,no
861,no
862,yes
863,no
864,no
865,no
866,no
867,no
868,no
869,no
870,no
871,yes
872,no
873,no
874,no
875,no
876,no
877,no
878,no
879,no
880,yes
881,no
882,no
883,no
884,no
885,no
886,yes
887,no
888,no
889,no
890,no
891,no
892,yes
893,no
894,no
895,no
896,no
897,no
898,no
899,no
900,no
901,no
902,no
903,no
904,no
905,yes
906,no
907,no
908,no
909,no
910,no
911,no
912,no
913,no
914,no
915,no
916,no
917,no
918,no
919,no
920,no
921,no
922,no
923,no
924,no
925,no
926,no
927,no
928,no
929,no
930,no
931,no
932,no
933,no
934,no
935,no
936,no
937,no
938,no
939,no
940,yes
941,yes
942,no
943,no
944,yes
945,yes
946,no
947,no
948,no
949,no
950,no
951,no
952,no
953,no
954,no
955,no
956,no
957,no
958,no
959,no
960,no
961,no
962,no
963,no
964,no
965,yes
966,no
967,no
968,no
969,no
970,yes
971,no
972,no
973,no
974,no
975,yes
976,no
977,no
978,no
979,no
980,yes
981,no
982,no
983,no
984,yes
985,no
986,no
987,no
988,no
989,no
990,no
991,yes
992,no
993,no
994,no
995,no
996,no
997,no
998,no
999,no
1000,no
1001,no
1002,no
1003,no
1004,no
1005,no
1006,no
1007,yes
1008,no
1009,no
1010,no
1011,no
1012,no
1013,no
1014,no
1015,no
1016,no
1017,yes
1018,no
1019,yes
1020,yes
1021,yes
1022,no
1023,no
1024,no
1025,yes
1026,no
1027,no
1028,no
1029,no
1030,no
1031,no
1032,no
1033,no
1034,no
1035,no
1036,no
1037,no
1038,no
1039,no
1040,yes
1041,no
1042,no
1043,no
1044,no
1045,no
1046,no
1047,no
1048,yes
1049,no
1050,no
1051,no
1052,no
1053,no
1054,no
1055,no
1056,yes
1057,no
1058,no
1059,no
1060,yes
1061,no
1062,no
1063,no
1064,no
1065,no
1066,no
1067,no
1068,no
1069,no
1070,yes
1071,no
1072,no
1073,no
1074,no
1075,no
1076,yes
1077,yes
1078,no
1079,no
1080,no
1081,no
1082,no
1083,no
1084,no
1085,yes
1086,no
1087,no
1088,no
1089,no
1090,no
1091,no
1092,no
1093,no
1094,no
1095,no
1096,no
1097,no
1098,no
1099,no
1100,no
1101,no
1102,no
1103,no
1104,no
1105,no
1106,no
1107,no
1108,no
1109,yes
1110,no
1111,yes
1112,no
1113,no
1114,no
1115,no
1116,no
1117,no
1118,no
1119,no
1120,no
1121,no
1122,no
1123,no
1124,yes
1125,no
1126,no
1127,no
1128,no
1129,no
1130,no
1131,no
1132,no
1133,no
1134,no
1135,yes
1136,no
1137,no
1138,no
1139,no
1140,no
1141,no
1142,yes
1143,no
1144,no
1145,no
1146,no
1147,no
1148,no
1149,no
1150,no
1151,yes
1152,no
1153,no
1154,no
1155,no
1156,no
1157,no
1158,no
1159,no
1160,no
1161,no
1162,no
1163,no
1164,no
1165,no
1166,yes
1167,no
1168,yes
1169,no
1170,no
1171,no
1172,no
1173,no
1174,no
1175,no
1176,no
1177,yes
1178,no
1179,yes
1180,yes
1181,yes
1182,no
1183,no
1184,no
1185,no
1186,no
1187,no
1188,no
1189,no
1190,yes
1191,no
1192,no
1193,no
1194,no
1195,no
1196,no
1197,no
1198,no
1199,no
1200,no
1201,no
1202,no
1203,no
1204,no
1205,no
1206,yes
1207,no
1208,no
1209,no
1210,no
1211,no
1212,yes
1213,no
1214,no
1215,no
1216,no
1217,no
1218,no
1219,no
1220,no
1221,no
1222,no
1223,no
1224,no
1225,no
1226,no
1227,no
1228,no
1229,no
1230,yes
1231,no
1232,no
1233,no
1234,no
1235,no
1236,no
1237,no
1238,no
1239,no
1240,no
1241,no
1242,no
1243,no
1244,no
1245,no
1246,no
1247,no
1248,no
1249,yes
1250,no
1251,no
1252,no
1253,no
1254,no
1255,no
1256,no
1257,no
1258,no
1259,no
1260,no
1261,no
1262,no
1263,no
1264,no
1265,no
1266,yes
1267,no
1268,no
1269,yes
1270,no
1271,no
1272,no
1273,no
1274,no
1275,no
1276,yes
1277,yes
1278,no
1279,no
1280,no
1281,no
1282,no
1283,no
1284,no
1285,no
1286,no
1287,yes
1288,no
1289,no
1290,no
1291,no
1292,no
1293,no
1294,no
1295,no
1296,no
1297,yes
1298,no
1299,no
1300,yes
1301,no
1302,no
1303,yes
1304,no
1305,no
1306,no
1307,no
1308,no
1309,no
1310,no
1311,no
1312,yes
1313,no
1314,no
1315,no
1316,no
1317,no
1318,no
1319,yes
1320,no
1321,no
1322,no
1323,no
1324,no
1325,no
1326,no
1327,no
1328,no
1329,no
1330,no
1331,no
1332,yes
1333,no
1334,yes
1335,no
1336,no
1337,no
1338,no
1339,no
1340,no
1341,no
1342,yes
1343,yes
1344,yes
1345,no
1346,no
1347,no
1348,no
1349,yes
1350,no
1351,no
1352,no
1353,no
1354,no
1355,no
1356,no
1357,no
1358,no
1359,no
1360,no
1361,no
1362,no
1363,no
1364,no
1365,no
1366,no
1367,no
1368,no
1369,no
1370,no
1371,no
1372,no
1373,no
1374,no
1375,no
1376,no
1377,no
1378,no
1379,yes
1380,no
1381,no
1382,no
1383,no
1384,no
1385,no
1386,no
1387,no
1388,no
1389,no
1390,no
1391,no
1392,no
1393,no
1394,no
1395,yes
1396,no
1397,no
1398,no
1399,no
1400,no
1401,no
1402,no
1403,no
1404,no
1405,no
1406,no
1407,no
1408,no
1409,no
1410,no
1411,yes
1412,no
1413,no
1414,no
1415,no
1416,no
1417,no
1418,yes
1419,no
1420,no
1421,no
1422,no
1423,no
1424,no
1425,yes
1426,no
1427,no
1428,no
1429,no
1430,no
1431,yes
1432,no
1433,no
1434,no
1435,yes
1436,no
1437,yes
1438,no
1439,no
1440,yes
1441,no
1442,no
1443,no
1444,no
1445,no
1446,yes
1447,no
1448,no
1449,yes
1450,no
1451,no
1452,no
1453,no
1454,yes
1455,no
1456,no
1457,no
1458,yes
1459,no
1460,no
1461,no
1462,no
1463,no
1464,yes
1465,no
1466,no
1467,yes
1468,no
1469,yes
1470,no
1471,no
1472,no
1473,no
1474,no
1475,no
1476,no
1477,no
1478,no
1479,no
1480,no
1481,no
1482,no
1483,no
1484,no
1485,yes
1486,no
1487,no
1488,no
1489,no
1490,no
1491,no
1492,no
1493,no
1494,no
1495,no
1496,no
1497,no
1498,no
1499,no
1500,no
1501,yes
1502,no
1503,no
1504,yes
1505,no
1506,no
1507,no
1508,no
1509,yes
1510,no
1511,no
1512,no
1513,no
1514,no
1515,no
1516,no
1517,no
1518,no
1519,no
1520,no
1521,no
1522,no
1523,no
1524,no
1525,no
1526,no
1527,no
1528,no
1529,no
1530,no
1531,no
1532,yes
1533,no
1534,yes
1535,no
1536,no
1537,no
1538,no
1539,no
1540,no
1541,no
1542,no
1543,no
1544,no
1545,no
1546,no
1547,no
1548,no
1549,no
1550,no
1551,no
1552,no
1553,no
1554,no
1555,no
1556,no
1557,yes
1558,no
1559,no
1560,no
1561,no
1562,no
1563,no
1564,no
1565,no
1566,no
1567,no
1568,no
1569,no
1570,no
1571,no
1572,no
1573,no
1574,yes
1575,no
1576,no
1577,no
1578,no
1579,no
1580,no
1581,no
1582,no
1583,no
1584,no
1585,no
1586,no
1587,no
1588,no
1589,no
1590,no
1591,no
1592,no
1593,no
1594,no
1595,no
1596,no
1597,no
1598,no
1599,no
1600,no
1601,no
1602,no
1603,no
1604,yes
1605,no
1606,no
1607,no
1608,no
1609,no
1610,no
1611,yes
1612,no
1613,no
1614,no
1615,no
1616,no
1617,no
1618,no
1619,no
1620,no
1621,no
1622,no
1623,no
1624,no
1625,no
1626,no
1627,no
1628,no
1629,no
1630,no
1631,no
1632,no
1633,no
1634,no
1635,no
1636,no
1637,no
1638,yes
1639,no
1640,no
1641,no
1642,no
1643,no
1644,no
1645,no
1646,no
1647,no
1648,no
1649,no
1650,no
1651,no
1652,no
1653,yes
1654,no
1655,no
1656,no
1657,no
1658,no
1659,no
1660,no
1661,no
1662,no
1663,yes
1664,no
1665,no
1666,no
1667,no
1668,no
1669,no
1670,no
1671,no
1672,yes
1673,no
1674,no
1675,no
1676,no
1677,no
1678,no
1679,no
1680,yes
1681,no
1682,no
1683,no
1684,no
1685,no
1686,no
1687,no
1688,no
1689,no
1690,no
1691,no
1692,no
1693,yes
1694,no
1695,yes
1696,no
1697,no
1698,yes
1699,no
1700,no
1701,no
1702,no
1703,no
1704,yes
1705,yes
1706,yes
1707,no
1708,no
1709,yes
1710,no
1711,no
1712,no
1713,no
1714,no
1715,no
1716,no
1717,no
1718,no
1719,yes
1720,no
1721,no
1722,no
1723,no
1724,no
1725,no
1726,no
1727,yes
1728,no
1729,yes
1730,no
1731,no
1732,no
1733,no
1734,no
1735,no
1736,yes
1737,no
1738,no
1739,yes
1740,no
1741,no
1742,no
1743,no
1744,no
1745,no
1746,no
1747,no
1748,yes
1749,no
1750,no
1751,no
1752,no
1753,no
1754,yes
1755,yes
1756,no
1757,no
1758,no
1759,no
1760,yes
1761,no
1762,no
1763,yes
1764,no
1765,no
1766,no
1767,yes
1768,no
1769,no
1770,no
1771,no
1772,no
1773,no
1774,no
1775,no
1776,no
1777,no
1778,no
1779,no
1780,no
1781,no
1782,no
1783,no
1784,no
1785,no
1786,no
1787,no
1788,no
1789,no
1790,no
1791,no
1792,no
1793,no
1794,no
1795,no
1796,no
1797,no
1798,no
1799,no
1800,no
1801,no
1802,no
1803,no
1804,no
1805,no
1806,no
1807,no
1808,no
1809,no
1810,no
1811,no
1812,no
1813,no
1814,no
1815,no
1816,no
1817,no
1818,no
1819,no
1820,no
1821,no
1822,yes
1823,no
1824,no
1825,no
1826,no
1827,no
1828,no
1829,no
1830,no
1831,no
1832,no
1833,no
1834,no
1835,no
1836,no
1837,yes
1838,no
1839,no
1840,no
1841,no
1842,no
1843,no
1844,yes
1845,no
1846,yes
1847,no
1848,no
1849,no
1850,no
1851,no
1852,no
1853,no
1854,yes
1855,no
1856,no
1857,no
1858,no
1859,no
1860,no
1861,no
1862,yes
1863,no
1864,no
1865,no
1866,no
1867,no
1868,no
1869,no
1870,no
1871,no
1872,yes
1873,no
1874,no
1875,no
1876,yes
1877,no
1878,no
1879,no
1880,no
1881,no
1882,no
1883,no
1884,no
1885,no
1886,yes
1887,no
1888,no
1889,yes
1890,no
1891,no
1892,no
1893,no
1894,no
1895,no
1896,no
1897,no
1898,no
1899,yes
1900,no
1901,no
1902,no
1903,no
1904,yes
1905,yes
1906,no
1907,no
1908,no
1909,no
1910,no
1911,no
1912,no
1913,yes
1914,yes
1915,yes
1916,no
1917,yes
1918,no
1919,no
1920,no
1921,no
1922,no
1923,no
1924,no
1925,no
1926,no
1927,yes
1928,yes
1929,no
1930,no
1931,no
1932,no
1933,no
1934,yes
1935,no
1936,no
1937,no
1938,no
1939,no
1940,yes
1941,no
1942,no
1943,no
1944,no
1945,no
1946,yes
1947,no
1948,no
1949,no
1950,no
1951,no
1952,yes
1953,no
1954,no
1955,no
1956,no
1957,no
1958,no
1959,no
1960,no
1961,no
1962,yes
1963,no
1964,no
1965,no
1966,no
1967,no
1968,no
1969,no
1970,no
1971,no
1972,no
1973,no
1974,yes
1975,no
1976,no
1977,no
1978,no
1979,no
1980,no
1981,no
1982,no
1983,no
1984,no
1985,no
1986,no
1987,no
1988,no
1989,no
1990,no
1991,yes
1992,no
1993,no
1994,yes
1995,no
1996,no
1997,no
1998,no
1999,no
2000,no
2001,no
2002,no
2003,no
2004,no
2005,no
2006,no
2007,no
2008,no
2009,no
2010,no
2011,no
2012,no
2013,no
2014,yes
2015,yes
2016,no
2017,yes
2018,no
2019,no
2020,no
2021,no
2022,no
2023,no
2024,no
2025,no
2026,no
2027,no
2028,no
2029,no
2030,no
2031,no
2032,yes
2033,yes
2034,no
2035,no
2036,no
2037,yes
2038,no
2039,no
2040,no
2041,no
2042,no
2043,no
2044,no
2045,no
2046,no
2047,no
2048,no
2049,yes
2050,no
2051,yes
2052,no
2053,no
2054,no
2055,yes
2056,no
2057,no
2058,no
2059,no
2060,no
2061,no
2062,no
2063,no
2064,no
2065,no
2066,no
2067,no
2068,yes
2069,no
2070,no
2071,no
2072,no
2073,yes
2074,no
2075,no
2076,no
2077,yes
2078,no
2079,no
2080,no
2081,no
2082,no
2083,no
2084,no
2085,no
2086,no
2087,no
2088,no
2089,yes
2090,no
2091,no
2092,no
2093,no
2094,no
2095,no
2096,no
2097,no
2098,no
2099,no
2100,no
2101,no
2102,no
2103,no
2104,no
2105,no
2106,no
2107,no
2108,no
2109,no
2110,no
2111,no
2112,no
2113,no
2114,yes
2115,no
2116,no
2117,no
2118,no
2119,no
2120,yes
2121,no
2122,yes
2123,no
2124,no
2125,no
2126,no
2127,no
2128,no
2129,yes
2130,no
2131,yes
2132,no
2133,no
2134,no
2135,no
2136,no
2137,no
2138,no
2139,no
2140,yes
2141,no
2142,no
2143,yes
2144,no
2145,no
2146,no
2147,no
2148,yes
2149,no
2150,no
2151,no
2152,no
2153,no
2154,no
2155,no
2156,no
2157,no
2158,no
2159,yes
2160,no
2161,no
2162,no
2163,no
2164,no
2165,no
2166,no
2167,no
2168,yes
2169,no
2170,no
2171,no
2172,no
2173,no
2174,no
2175,no
2176,yes
2177,no
2178,no
2179,no
2180,no
2181,no
2182,yes
2183,no
2184,no
2185,no
2186,no
2187,no
2188,no
2189,no
2190,no
2191,no
2192,no
2193,no
2194,no
2195,yes
2196,no
2197,no
2198,no
2199,no
2200,no
2201,no
2202,yes
2203,no
2204,no
2205,no
2206,no
2207,no
2208,no
2209,no
2210,no
2211,no
2212,yes
2213,yes
2214,no
2215,no
2216,no
2217,no
2218,no
2219,yes
2220,yes
2221,no
2222,no
2223,no
2224,no
2225,no
2226,no
2227,no
2228,no
2229,no
2230,no
2231,no
2232,no
2233,yes
2234,no
2235,no
2236,no
2237,no
2238,no
2239,no
2240,no
2241,no
2242,no
2243,no
2244,no
2245,no
2246,no
2247,no
2248,no
2249,no
2250,no
2251,yes
2252,no
2253,no
2254,no
2255,no
2256,no
2257,no
2258,no
2259,yes
2260,no
2261,no
2262,no
2263,no
2264,no
2265,no
2266,no
2267,no
2268,no
2269,no
2270,no
2271,no
2272,no
2273,no
2274,yes
2275,no
2276,no
2277,no
2278,no
2279,no
2280,no
2281,no
2282,no
2283,no
2284,no
2285,no
2286,no
2287,no
2288,no
2289,no
2290,no
2291,no
2292,no
2293,no
2294,no
2295,no
2296,yes
2297,no
2298,no
2299,no
2300,no
2301,no
2302,no
2303,no
2304,no
2305,no
2306,no
2307,no
2308,no
2309,no
2310,no
2311,no
2312,no
2313,no
2314,no
2315,no
2316,no
2317,no
2318,no
2319,no
2320,no
2321,yes
2322,no
2323,no
2324,no
2325,no
2326,no
2327,no
2328,no
2329,no
2330,no
2331,no
2332,yes
2333,no
2334,no
2335,no
2336,no
2337,no
2338,no
2339,no
2340,no
2341,no
2342,no
2343,no
2344,no
2345,no
2346,no
2347,no
2348,no
2349,no
2350,no
2351,no
2352,no
2353,no
2354,no
2355,no
2356,no
2357,no
2358,no
2359,no
2360,no
2361,no
2362,no
2363,no
2364,no
2365,no
2366,no
2367,no
2368,no
2369,no
2370,yes
2371,no
2372,yes
2373,no
2374,no
2375,yes
2376,yes
2377,no
2378,no
2379,no
2380,no
2381,no
2382,no
2383,no
2384,no
2385,no
2386,no
2387,no
2388,no
2389,no
2390,no
2391,no
2392,no
2393,no
2394,no
2395,no
2396,no
2397,no
2398,no
2399,no
2400,no
2401,no
2402,no
2403,no
2404,no
2405,no
2406,no
2407,no
2408,no
2409,no
2410,no
2411,no
2412,no
2413,no
2414,no
2415,no
2416,no
2417,no
2418,no
2419,yes
2420,no
2421,yes
2422,no
2423,no
2424,no
2425,no
2426,no
2427,no
2428,no
2429,no
2430,no
2431,yes
2432,no
2433,yes
2434,no
2435,no
2436,yes
2437,no
2438,no
2439,no
2440,no
2441,no
2442,no
2443,no
2444,yes
2445,no
2446,no
2447,no
2448,no
2449,yes
2450,no
2451,no
2452,no
2453,no
2454,no
2455,no
2456,no
2457,no
2458,no
2459,no
2460,no
2461,no
2462,no
2463,no
2464,yes
2465,no
2466,no
2467,no
2468,no
2469,no
2470,no
2471,yes
2472,no
2473,no
2474,no
2475,no
2476,no
2477,yes
2478,no
2479,no
2480,yes
2481,no
2482,no
2483,no
2484,no
2485,no
2486,yes
2487,no
2488,no
2489,no
2490,no
2491,no
2492,no
2493,no
2494,no
2495,no
2496,no
2497,no
2498,no
2499,yes
2500,no
2501,no
2502,no
2503,no
2504,no
2505,no
2506,no
2507,no
2508,no
2509,no
2510,no
2511,no
2512,yes
2513,no
2514,no
2515,no
2516,no
2517,no
2518,no
2519,no
2520,no
2521,no
2522,no
2523,no
2524,no
2525,no
2526,no
2527,no
2528,no
2529,no
2530,no
2531,no
2532,no
2533,no
2534,no
2535,no
2536,no
2537,no
2538,no
2539,yes
2540,yes
2541,no
2542,no
2543,no
2544,no
2545,no
2546,no
2547,no
2548,no
2549,no
2550,no
2551,no
2552,no
2553,yes
2554,no
2555,no
2556,yes
2557,no
2558,no
2559,no
2560,no
2561,no
2562,no
2563,no
2564,no
2565,no
2566,no
2567,no
2568,yes
2569,no
2570,no
2571,no
2572,no
2573,no
2574,no
2575,no
2576,no
2577,no
2578,no
2579,no
2580,no
2581,no
2582,no
2583,yes
2584,no
2585,no
2586,no
2587,no
2588,no
2589,no
2590,no
2591,no
2592,no
2593,no
2594,no
2595,no
2596,no
2597,no
2598,no
2599,no
2600,no
2601,no
2602,no
2603,no
2604,no
2605,no
2606,no
2607,no
2608,no
2609,no
2610,no
2611,no
2612,no
2613,no
2614,no
2615,no
2616,no
2617,no
2618,no
2619,yes
2620,no
2621,no
2622,no
2623,no
2624,no
2625,no
2626,no
2627,no
2628,no
2629,no
2630,no
2631,no
2632,no
2633,yes
2634,no
2635,no
2636,no
2637,no
2638,no
2639,no
2640,no
2641,no
2642,no
2643,no
2644,yes
2645,no
2646,no
2647,no
2648,no
2649,no
2650,no
2651,no
2652,no
2653,yes
2654,yes
2655,yes
2656,no
2657,no
2658,no
2659,no
2660,no
2661,no
2662,no
2663,no
2664,no
2665,yes
2666,no
2667,no
2668,no
2669,no
2670,no
2671,no
2672,no
2673,no
2674,yes
2675,yes
2676,no
2677,no
2678,no
2679,no
2680,no
2681,no
2682,no
2683,no
2684,no
2685,yes
2686,no
2687,no
2688,no
2689,no
2690,no
2691,no
2692,no
2693,no
2694,no
2695,no
2696,yes
2697,yes
2698,no
2699,no
2700,no
2701,no
2702,no
2703,no
2704,no
2705,yes
2706,no
2707,no
2708,no
2709,no
2710,no
2711,no
2712,no
2713,no
2714,no
2715,no
2716,no
2717,yes
2718,no
2719,yes
2720,no
2721,no
2722,yes
2723,no
2724,no
2725,no
2726,no
2727,no
2728,no
2729,no
2730,no
2731,no
2732,no
2733,no
2734,no
2735,no
2736,no
2737,no
2738,no
2739,no
2740,no
2741,no
2742,no
2743,no
2744,no
2745,no
2746,yes
2747,no
2748,yes
2749,no
2750,no
2751,no
2752,no
2753,no
2754,no
2755,no
2756,no
2757,no
2758,no
2759,no
2760,yes
2761,no
2762,no
2763,no
2764,no
2765,no
2766,no
2767,no
2768,no
2769,no
2770,no
2771,no
2772,no
2773,yes
2774,no
2775,no
2776,no
2777,no
2778,no
2779,no
2780,yes
2781,no
2782,no
2783,no
2784,no
2785,no
2786,no
2787,no
2788,no
2789,no
2790,no
2791,no
2792,no
2793,no
2794,no
2795,no
2796,no
2797,no
2798,no
2799,no
2800,no
2801,no
2802,no
2803,no
2804,no
2805,no
2806,no
2807,no
2808,no
2809,no
2810,no
2811,no
2812,no
2813,no
2814,no
2815,no
2816,no
2817,no
2818,no
2819,no
2820,no
2821,yes
2822,yes
2823,yes
2824,no
2825,no
2826,yes
2827,yes
2828,no
2829,no
2830,no
2831,no
2832,no
2833,no
2834,no
2835,no
2836,no
2837,yes
2838,no
2839,no
2840,no
2841,no
2842,no
2843,no
2844,no
2845,yes
2846,no
2847,yes
2848,no
2849,no
2850,no
2851,yes
2852,no
2853,no
2854,no
2855,no
2856,no
2857,no
2858,no
2859,no
2860,no
2861,no
2862,no
2863,no
2864,no
2865,yes
2866,no
2867,no
2868,no
2869,no
2870,no
2871,yes
2872,no
2873,no
2874,no
2875,no
2876,no
2877,no
2878,no
2879,no
2880,no
2881,no
2882,no
2883,no
2884,no
2885,no
2886,no
2887,yes
2888,no
2889,no
2890,no
2891,yes
2892,no
2893,no
2894,no
2895,no
2896,no
2897,no
2898,no
2899,no
2900,no
2901,no
2902,no
2903,no
2904,no
2905,no
2906,no
2907,no
2908,no
2909,no
2910,no
2911,yes
2912,no
2913,no
2914,no
2915,yes
2916,no
2917,yes
2918,no
2919,no
2920,no
2921,no
2922,no
2923,no
2924,yes
2925,no
2926,no
2927,no
2928,no
2929,no
2930,no
2931,no
2932,no
2933,no
2934,no
2935,no
2936,no
2937,no
2938,no
2939,no
2940,yes
2941,no
2942,no
2943,no
2944,yes
2945,no
2946,no
2947,no
2948,yes
2949,no
2950,no
2951,no
2952,no
2953,yes
2954,no
2955,no
2956,no
2957,no
2958,no
2959,no
2960,no
2961,no
2962,yes
2963,yes
2964,no
2965,no
2966,no
2967,no
2968,no
2969,no
2970,no
2971,no
2972,yes
2973,yes
2974,no
2975,no
2976,no
2977,no
2978,no
2979,no
2980,yes
2981,no
2982,no
2983,no
2984,no
2985,yes
2986,no
2987,no
2988,yes
2989,no
2990,no
2991,no
2992,no
2993,no
2994,no
2995,no
2996,no
2997,no
2998,no
2999,no
3000,no
3001,no
3002,no
3003,no
3004,no
3005,yes
3006,yes
3007,no
3008,no
3009,no
3010,no
3011,no
3012,no
3013,yes
3014,no
3015,no
3016,no
3017,no
3018,no
3019,no
3020,no
3021,no
3022,no
3023,no
3024,no
3025,no
3026,no
3027,yes
3028,no
3029,yes
3030,no
3031,no
3032,no
3033,yes
3034,no
3035,no
3036,yes
3037,no
3038,no
3039,no
3040,yes
3041,no
3042,no
3043,no
3044,no
3045,no
3046,no
3047,no
3048,no
3049,no
3050,no
3051,no
3052,no
3053,no
3054,no
3055,no
3056,no
3057,no
3058,no
3059,no
3060,no
3061,no
3062,no
3063,no
3064,yes
3065,no
3066,no
3067,no
3068,no
3069,no
3070,no
3071,no
3072,no
3073,yes
3074,no
3075,no
3076,no
3077,no
3078,no
3079,no
3080,yes
3081,no
3082,no
3083,no
3084,no
3085,no
3086,no
3087,no
3088,yes
3089,no
3090,no
3091,no
3092,no
3093,no
3094,no
3095,no
3096,no
3097,no
3098,no
3099,no
3100,no
3101,no
3102,no
3103,no
3104,no
3105,no
3106,no
3107,no
3108,no
3109,no
3110,no
3111,no
3112,no
3113,no
3114,no
3115,no
3116,no
3117,yes
3118,no
3119,no
3120,no
3121,no
3122,no
3123,yes
3124,no
3125,no
3126,no
3127,no
3128,no
3129,no
3130,no
3131,no
3132,no
3133,no
3134,no
3135,yes
3136,no
3137,no
3138,no
3139,no
3140,no
3141,yes
3142,no
3143,no
3144,no
3145,no
3146,no
3147,no
3148,no
3149,no
3150,no
3151,no
3152,no
3153,no
3154,no
3155,no
3156,no
3157,no
3158,no
3159,no
3160,yes
3161,yes
3162,no
3163,no
3164,no
3165,no
3166,no
3167,no
3168,no
3169,no
3170,no
3171,no
3172,no
3173,no
3174,no
3175,no
3176,yes
3177,no
3178,no
3179,no
3180,no
3181,no
3182,no
3183,no
3184,yes
3185,no
3186,no
3187,yes
3188,no
3189,no
3190,no
3191,no
3192,no
3193,no
3194,no
3195,no
3196,no
3197,no
3198,no
3199,no
3200,no
3201,no
3202,yes
3203,no
3204,no
3205,no
3206,no
3207,no
3208,no
3209,no
3210,no
3211,no
3212,no
3213,no
3214,no
3215,no
3216,no
3217,no
3218,no
3219,yes
3220,no
3221,no
3222,no
3223,no
3224,yes
3225,no
3226,no
3227,no
3228,no
3229,yes
3230,no
3231,no
3232,no
3233,no
3234,no
3235,no
3236,no
3237,no
3238,no
3239,yes
3240,no
3241,no
3242,no
3243,no
3244,no
3245,no
3246,no
3247,no
3248,yes
3249,no
3250,yes
3251,no
3252,no
3253,no
3254,no
3255,no
3256,yes
3257,no
3258,no
3259,no
3260,no
3261,no
3262,no
3263,no
3264,no
3265,no
3266,no
3267,no
3268,no
3269,no
3270,no
3271,yes
3272,no
3273,no
3274,no
3275,no
3276,no
3277,no
3278,no
3279,no
3280,no
3281,no
3282,no
3283,no
3284,no
3285,no
3286,no
3287,no
3288,no
3289,no
3290,no
3291,no
3292,no
3293,no
3294,no
3295,no
3296,no
3297,yes
3298,no
3299,no
3300,no
3301,yes
3302,no
3303,no
3304,yes
3305,yes
3306,no
3307,no
3308,no
3309,no
3310,no
3311,yes
3312,no
3313,no
3314,no
3315,yes
3316,no
3317,yes
3318,no
3319,no
3320,no
3321,yes
3322,no
3323,no
3324,no
3325,no
3326,no
3327,no
3328,no
3329,no
3330,no
3331,yes
3332,no
3333,yes
3334,no
3335,no
3336,no
3337,no
3338,no
3339,no
3340,no
3341,yes
3342,no
3343,no
3344,no
3345,no
3346,no
3347,no
3348,no
3349,no
3350,no
3351,no
3352,no
3353,no
3354,no
3355,no
3356,no
3357,no
3358,no
3359,no
3360,yes
3361,no
3362,no
3363,no
3364,no
3365,no
3366,no
3367,yes
3368,no
3369,no
3370,no
3371,no
3372,no
3373,no
3374,no
3375,no
3376,no
3377,no
3378,no
3379,no
3380,no
3381,no
3382,no
3383,no
3384,no
3385,yes
3386,no
3387,no
3388,no
3389,no
3390,no
3391,no
3392,no
3393,no
3394,yes
3395,no
3396,no
3397,no
3398,no
3399,no
3400,no
3401,no
3402,no
3403,no
3404,no
3405,no
3406,no
3407,no
3408,no
3409,no
3410,no
3411,no
3412,no
3413,yes
3414,no
3415,no
3416,no
3417,no
3418,no
3419,no
3420,no
3421,no
3422,yes
3423,no
3424,yes
3425,no
3426,no
3427,no
3428,no
3429,no
3430,no
3431,yes
3432,no
3433,no
3434,no
3435,no
3436,no
3437,no
3438,no
3439,no
3440,no
3441,no
3442,no
3443,no
3444,no
3445,no
3446,no
3447,no
3448,no
3449,no
3450,no
3451,no
3452,no
3453,no
3454,no
3455,no
3456,no
3457,no
3458,yes
3459,no
3460,no
3461,no
3462,no
3463,no
3464,no
3465,no
3466,no
3467,no
3468,no
3469,no
3470,no
3471,no
3472,no
3473,no
3474,no
3475,no
3476,no
3477,no
3478,no
3479,no
3480,no
3481,no
3482,no
3483,no
3484,no
3485,no
3486,no
3487,no
3488,no
3489,no
3490,no
3491,yes
3492,no
3493,no
3494,no
3495,no
3496,no
3497,no
3498,yes
3499,no
3500,no
3501,no
3502,yes
3503,no
3504,no
3505,no
3506,no
3507,no
3508,no
3509,no
3510,yes
3511,no
3512,no
3513,no
3514,no
3515,no
3516,no
3517,no
3518,no
3519,no
3520,no
3521,no
3522,no
3523,no
3524,no
3525,no
3526,no
3527,yes
3528,no
3529,no
3530,no
3531,no
3532,no
3533,no
3534,no
3535,no
3536,no
3537,no
3538,yes
3539,no
3540,yes
3541,no
3542,no
3543,no
3544,no
3545,no
3546,no
3547,no
3548,no
3549,no
3550,no
3551,no
3552,no
3553,yes
3554,no
3555,no
3556,yes
3557,no
3558,yes
3559,no
3560,no
3561,no
3562,no
3563,no
3564,no
3565,no
3566,no
3567,no
3568,no
3569,no
3570,no
3571,no
3572,no
3573,no
3574,no
3575,no
3576,no
3577,no
3578,no
3579,no
3580,no
3581,no
3582,no
3583,no
3584,no
3585,no
3586,yes
3587,no
3588,no
3589,yes
3590,no
3591,no
3592,no
3593,no
3594,no
3595,no
3596,no
3597,no
3598,no
3599,no
3600,no
3601,no
3602,no
3603,no
3604,no
3605,no
3606,no
3607,no
3608,no
3609,no
3610,no
3611,no
3612,no
3613,no
3614,no
3615,no
3616,no
3617,no
3618,no
3619,no
3620,no
3621,no
3622,no
3623,no
3624,no
3625,no
3626,no
3627,no
3628,no
3629,no
3630,no
3631,no
3632,no
3633,no
3634,no
3635,no
3636,no
3637,no
3638,no
3639,no
3640,no
3641,no
3642,yes
3643,no
3644,no
3645,no
3646,no
3647,no
3648,no
3649,no
3650,no
3651,no
3652,yes
3653,yes
3654,no
3655,no
3656,no
3657,no
3658,yes
3659,no
3660,no
3661,no
3662,no
3663,no
3664,no
3665,no
3666,yes
3667,no
3668,no
3669,no
3670,no
3671,no
3672,no
3673,yes
3674,no
3675,no
3676,no
3677,no
3678,no
3679,no
3680,no
3681,yes
3682,no
3683,no
3684,yes
3685,no
3686,no
3687,no
3688,no
3689,no
3690,yes
3691,no
3692,no
3693,no
3694,no
3695,yes
3696,no
3697,no
3698,no
3699,no
3700,no
3701,no
3702,no
3703,no
3704,no
3705,no
3706,no
3707,no
3708,no
3709,no
3710,no
3711,no
3712,no
3713,no
3714,no
3715,no
3716,no
3717,no
3718,no
3719,no
3720,no
3721,no
3722,no
3723,yes
3724,no
3725,no
3726,no
3727,no
3728,no
3729,no
3730,yes
3731,no
3732,no
3733,yes
3734,yes
3735,no
3736,no
3737,no
3738,no
3739,no
3740,yes
3741,no
3742,no
3743,yes
3744,no
3745,no
3746,no
3747,no
3748,no
3749,no
3750,no
3751,no
3752,no
3753,no
3754,yes
3755,no
3756,no
3757,no
3758,no
3759,no
3760,no
3761,no
3762,no
3763,no
3764,no
3765,yes
3766,no
3767,no
3768,no
3769,no
3770,no
3771,yes
3772,no
3773,no
3774,no
3775,no
3776,no
3777,no
3778,yes
3779,no
3780,yes
3781,no
3782,no
3783,no
3784,no
3785,no
3786,yes
3787,no
3788,no
3789,yes
3790,no
3791,no
3792,no
3793,no
3794,no
3795,no
3796,yes
3797,no
3798,no
3799,no
3800,no
3801,no
3802,no
3803,no
3804,no
3805,no
3806,no
3807,no
3808,no
3809,no
3810,no
3811,no
3812,no
3813,no
3814,no
3815,no
3816,no
3817,yes
3818,yes
3819,yes
3820,no
3821,no
3822,no
3823,no
3824,no
3825,no
3826,no
3827,no
3828,no
3829,no
3830,no
3831,no
3832,no
3833,no
3834,no
3835,yes
3836,no
3837,no
3838,no
3839,no
3840,no
3841,no
3842,no
3843,yes
3844,yes
3845,no
3846,no
3847,no
3848,no
3849,no
3850,no
3851,no
3852,no
3853,yes
3854,no
3855,no
3856,no
3857,no
3858,no
3859,no
3860,no
3861,no
3862,no
3863,no
3864,no
3865,no
3866,no
3867,no
3868,no
3869,no
3870,no
3871,no
3872,no
3873,no
3874,yes
3875,no
3876,no
3877,no
3878,no
3879,no
3880,no
3881,yes
3882,no
3883,no
3884,no
3885,no
3886,no
3887,no
3888,no
3889,yes
3890,yes
3891,no
3892,no
3893,no
3894,no
3895,no
3896,yes
3897,no
3898,no
3899,no
3900,no
3901,no
3902,no
3903,no
3904,no
3905,no
3906,no
3907,no
3908,no
3909,yes
3910,no
3911,no
3912,no
3913,no
3914,yes
3915,no
3916,no
3917,yes
3918,no
3919,no
3920,no
3921,no
3922,no
3923,no
3924,no
3925,no
3926,no
3927,no
3928,no
3929,no
3930,yes
3931,yes
3932,yes
3933,no
3934,no
3935,no
3936,yes
3937,no
3938,no
3939,no
3940,no
3941,no
3942,yes
3943,no
3944,no
3945,no
3946,no
3947,no
3948,no
3949,no
3950,no
3951,no
3952,no
3953,no
3954,no
3955,no
3956,yes
3957,no
3958,no
3959,no
3960,no
3961,yes
3962,no
3963,no
3964,no
3965,no
3966,no
3967,no
3968,no
3969,no
3970,no
3971,no
3972,no
3973,no
3974,no
3975,no
3976,no
3977,no
3978,yes
3979,no
3980,no
3981,no
3982,no
3983,no
3984,no
3985,no
3986,no
3987,no
3988,no
3989,no
3990,no
3991,no
3992,no
3993,no
3994,no
3995,yes
3996,no
3997,no
3998,no
3999,no
4000,no
4001,no
4002,no
4003,no
4004,no
4005,no
4006,no
4007,no
4008,no
4009,yes
4010,no
4011,no
4012,no
4013,no
4014,no
4015,no
4016,no
4017,no
4018,no
4019,no
4020,no
4021,yes
4022,no
4023,no
4024,no
4025,no
4026,no
4027,no
4028,yes
4029,no
4030,no
4031,no
4032,no
4033,no
4034,no
4035,no
4036,no
4037,no
4038,no
4039,no
4040,yes
4041,no
4042,no
4043,no
4044,no
4045,no
4046,no
4047,no
4048,no
4049,no
4050,no
4051,no
4052,no
4053,no
4054,no
4055,no
4056,no
4057,no
4058,no
4059,no
4060,no
4061,yes
4062,no
4063,no
4064,no
4065,no
4066,no
4067,no
4068,no
4069,no
4070,no
4071,no
4072,no
4073,no
4074,no
4075,no
4076,no
4077,no
4078,no
4079,no
4080,no
4081,no
4082,no
4083,no
4084,no
4085,no
4086,no
4087,no
4088,no
4089,yes
4090,yes
4091,no
4092,no
4093,yes
4094,no
4095,no
4096,no
4097,no
4098,no
4099,no
4100,no
4101,no
4102,no
4103,no
4104,no
4105,no
4106,no
4107,no
4108,yes
4109,no
4110,no
4111,no
4112,no
4113,no
4114,no
4115,no
4116,no
4117,yes
4118,no
4119,no
4120,no
4121,no
4122,no
4123,yes
4124,yes
4125,yes
4126,no
4127,no
4128,no
4129,no
4130,no
4131,no
4132,no
4133,no
4134,no
4135,no
4136,no
4137,no
4138,no
4139,no
4140,no
4141,no
4142,no
4143,no
4144,no
4145,no
4146,no
4147,no
4148,yes
4149,no
4150,no
4151,no
4152,no
4153,no
4154,no
4155,no
4156,no
4157,no
4158,no
4159,yes
4160,yes
4161,no
4162,no
4163,no
4164,no
4165,no
4166,no
4167,no
4168,no
4169,no
4170,no
4171,no
4172,no
4173,no
4174,no
4175,no
4176,yes
4177,no
4178,no
4179,no
4180,no
4181,no
4182,no
4183,no
4184,no
4185,no
4186,no
4187,no
4188,no
4189,no
4190,no
4191,no
4192,no
4193,no
4194,yes
4195,no
4196,yes
4197,no
4198,yes
4199,no
4200,no
4201,no
4202,no
4203,no
4204,no
4205,no
4206,no
4207,no
4208,no
4209,no
4210,no
4211,yes
4212,no
4213,yes
4214,no
4215,yes
4216,no
4217,yes
4218,no
4219,no
4220,yes
4221,no
4222,no
4223,no
4224,yes
4225,yes
4226,no
4227,no
4228,no
4229,yes
4230,no
4231,yes
4232,yes
4233,no
4234,no
4235,no
4236,yes
4237,yes
4238,yes
4239,no
4240,no
4241,no
4242,no
4243,no
4244,no
4245,no
4246,no
4247,no
4248,no
4249,no
4250,yes
4251,no
4252,no
4253,no
4254,no
4255,no
4256,yes
4257,no
4258,no
4259,no
4260,no
4261,no
4262,yes
4263,yes
4264,no
4265,no
4266,no
4267,no
4268,no
4269,no
4270,no
4271,no
4272,no
4273,no
4274,no
4275,yes
4276,no
4277,no
4278,no
4279,no
4280,no
4281,yes
4282,yes
4283,no
4284,no
4285,no
4286,no
4287,no
4288,no
4289,no
4290,no
4291,no
4292,no
4293,no
4294,no
4295,no
4296,no
4297,no
4298,no
4299,no
4300,yes
4301,no
4302,no
4303,no
4304,no
4305,no
4306,no
4307,no
4308,no
4309,no
4310,no
4311,no
4312,no
4313,no
4314,no
4315,no
4316,no
4317,no
4318,no
4319,no
4320,no
4321,no
4322,no
4323,no
4324,no
4325,no
4326,no
4327,no
4328,yes
4329,no
4330,no
4331,no
4332,no
4333,no
4334,no
4335,no
4336,no
4337,yes
4338,no
4339,no
4340,no
4341,no
4342,yes
4343,no
4344,no
4345,no
4346,no
4347,no
4348,no
4349,no
4350,yes
4351,no
4352,no
4353,no
4354,no
4355,no
4356,no
4357,no
4358,no
4359,no
4360,no
4361,no
4362,no
4363,no
4364,yes
4365,no
4366,yes
4367,no
4368,no
4369,no
4370,no
4371,no
4372,no
4373,no
4374,no
4375,no
4376,no
4377,no
4378,no
4379,no
4380,no
4381,no
4382,no
4383,no
4384,no
4385,no
4386,no
4387,no
4388,yes
4389,no
4390,no
4391,no
4392,yes
4393,no
4394,no
4395,no
4396,no
4397,no
4398,no
4399,no
4400,no
4401,no
4402,yes
4403,no
4404,no
4405,no
4406,no
4407,yes
4408,no
4409,no
4410,no
4411,no
4412,no
4413,no
4414,no
4415,no
4416,yes
4417,no
4418,no
4419,no
4420,no
4421,no
4422,no
4423,yes
4424,no
4425,no
4426,no
4427,no
4428,no
4429,no
4430,no
4431,no
4432,no
4433,yes
4434,no
4435,no
4436,no
4437,no
4438,no
4439,no
4440,no
4441,no
4442,no
4443,no
4444,no
4445,no
4446,no
4447,yes
4448,no
4449,no
4450,no
4451,no
4452,no
4453,no
4454,no
4455,no
4456,no
4457,no
4458,yes
4459,no
4460,no
4461,no
4462,no
4463,no
4464,no
4465,yes
4466,no
4467,no
4468,no
4469,no
4470,no
4471,no
4472,no
4473,no
4474,no
4475,no
4476,no
4477,no
4478,no
4479,no
4480,no
4481,no
4482,no
4483,no
4484,yes
4485,no
4486,no
4487,no
4488,no
4489,no
4490,no
4491,no
4492,no
4493,no
4494,yes
4495,no
4496,no
4497,no
4498,no
4499,no
4500,no
4501,no
4502,no
4503,yes
4504,yes
4505,yes
4506,no
4507,no
4508,no
4509,no
4510,no
4511,yes
4512,no
4513,no
4514,no
4515,no
4516,no
4517,no
4518,no
4519,no
4520,no
