Date,Open,High,Low,Close,Adj Close,Volume
02-01-2014,37.349998,37.400002,37.099998,37.16,32.81155,30632200
03-01-2014,37.200001,37.220001,36.599998,36.91,32.590809,31134800
06-01-2014,36.849998,36.889999,36.110001,36.130001,31.902086,43603700
07-01-2014,36.330002,36.490002,36.209999,36.41,32.149307,35802800
08-01-2014,36,36.139999,35.580002,35.759998,31.575382,59971700
09-01-2014,35.880001,35.91,35.400002,35.529999,31.372297,36516300
10-01-2014,35.900002,36.150002,35.75,36.040001,31.822615,40548800
13-01-2014,35.990002,36.02,34.830002,34.98,30.886652,45901900
14-01-2014,34.73,35.880001,34.630001,35.779999,31.593033,41623300
15-01-2014,35.900002,36.790001,35.849998,36.759998,32.458351,44812600
16-01-2014,36.689999,37,36.310001,36.889999,32.573151,38018700
17-01-2014,36.830002,36.830002,36.150002,36.380001,32.122826,46267500
21-01-2014,36.82,36.82,36.060001,36.169998,31.937393,31567300
22-01-2014,36.259998,36.32,35.75,35.93,31.725479,21904300
23-01-2014,36.09,36.130001,35.52,36.060001,31.840273,43954000
24-01-2014,37.450001,37.549999,36.529999,36.810001,32.50251,76395500
27-01-2014,36.869999,36.889999,35.98,36.029999,31.813787,44420800
28-01-2014,36.119999,36.389999,35.75,36.27,32.0257,36205500
29-01-2014,35.98,36.880001,35.900002,36.66,32.37006,52745900
30-01-2014,36.790001,36.880001,36.23,36.860001,32.546658,35036300
31-01-2014,36.950001,37.889999,36.560001,37.84,33.411968,93162300
03-02-2014,37.740002,37.990002,36.43,36.48,32.211121,64063100
04-02-2014,36.970001,37.189999,36.25,36.349998,32.096336,54697900
05-02-2014,36.290001,36.470001,35.799999,35.82,31.628349,55814400
06-02-2014,35.799999,36.25,35.689999,36.18,31.946222,35351800
07-02-2014,36.32,36.59,36.009998,36.560001,32.281765,33260500
10-02-2014,36.630001,36.799999,36.290001,36.799999,32.493675,26767000
11-02-2014,36.880001,37.259998,36.860001,37.169998,32.820374,32141400
12-02-2014,37.349998,37.599998,37.299999,37.470001,33.085278,27051800
13-02-2014,37.330002,37.860001,37.330002,37.610001,33.208893,37635500
14-02-2014,37.389999,37.779999,37.330002,37.619999,33.217724,31407500
18-02-2014,37.630001,37.779999,37.41,37.419998,33.288891,32834000
19-02-2014,37.220001,37.75,37.209999,37.509998,33.368954,29750400
20-02-2014,37.57,37.869999,37.400002,37.75,33.582458,27526100
21-02-2014,37.939999,38.349998,37.860001,37.98,33.787071,38021300
24-02-2014,37.689999,37.98,37.540001,37.689999,33.529079,32085100
25-02-2014,37.610001,37.849998,37.349998,37.540001,33.395638,30736500
26-02-2014,37.580002,37.740002,37.189999,37.470001,33.33337,41041800
27-02-2014,37.450001,37.889999,37.23,37.860001,33.680309,33903400
28-02-2014,37.98,38.459999,37.82,38.310001,34.080639,41215000
03-03-2014,37.919998,38.130001,37.490002,37.779999,33.609142,29717500
04-03-2014,38.200001,38.48,38.07,38.41,34.16959,26802400
05-03-2014,38.25,38.27,37.93,38.110001,33.902721,20520100
06-03-2014,38.139999,38.240002,37.889999,38.150002,33.938305,23582200
07-03-2014,38.279999,38.360001,37.689999,37.900002,33.715904,26591600
10-03-2014,37.990002,38.009998,37.720001,37.82,33.644733,19006600
11-03-2014,37.869999,38.23,37.720001,38.02,33.822651,25216400
12-03-2014,37.799999,38.43,37.790001,38.27,34.045048,30494100
13-03-2014,38.419998,38.450001,37.639999,37.889999,33.707001,32169700
14-03-2014,37.650002,38.139999,37.509998,37.700001,33.537979,27195600
17-03-2014,37.900002,38.41,37.790001,38.049999,33.849331,20479600
18-03-2014,38.259998,39.900002,38.220001,39.549999,35.183739,64063900
19-03-2014,39.470001,39.549999,38.91,39.27,34.93465,35597200
20-03-2014,39.25,40.650002,39.240002,40.330002,35.877625,59269800
21-03-2014,40.720001,40.939999,40.009998,40.16,35.726387,80721800
24-03-2014,40.34,40.639999,39.860001,40.5,36.028862,46098400
25-03-2014,40.66,40.990002,39.959999,40.34,35.886524,43193100
26-03-2014,40.48,40.709999,39.599998,39.790001,35.39724,41977500
27-03-2014,39.740002,39.970001,39.34,39.360001,35.014717,35369200
28-03-2014,39.790001,40.639999,39.68,40.299999,35.850937,43472700
31-03-2014,40.43,41.5,40.400002,40.990002,36.464771,46886300
01-04-2014,41.150002,41.59,41.07,41.419998,36.847294,32605000
02-04-2014,41.439999,41.66,41.169998,41.349998,36.785027,28666700
03-04-2014,41.290001,41.290001,40.709999,41.009998,36.482552,30139600
04-04-2014,41.25,41.389999,39.639999,39.869999,35.46841,51409600
07-04-2014,39.959999,40.27,39.740002,39.799999,35.406139,37559600
08-04-2014,39.75,39.93,39.200001,39.82,35.423935,35918600
09-04-2014,39.93,40.549999,39.880001,40.470001,36.002178,27398700
10-04-2014,40.439999,40.689999,39.09,39.360001,35.014717,45960800
11-04-2014,39,39.790001,39,39.209999,34.881275,34330200
14-04-2014,39.110001,39.41,38.900002,39.18,34.854584,32006600
15-04-2014,39.34,39.959999,39.049999,39.75,35.361652,33968700
16-04-2014,40.060001,40.419998,39.91,40.400002,35.939903,30615800
17-04-2014,40.009998,40.200001,39.509998,40.009998,35.592957,36688400
21-04-2014,40.130001,40.150002,39.790001,39.939999,35.530682,22221200
22-04-2014,39.959999,40.139999,39.830002,39.990002,35.575169,27056700
23-04-2014,39.990002,39.990002,39.470001,39.689999,35.308277,24602800
24-04-2014,39.740002,39.970001,39.299999,39.860001,35.459515,42381600
25-04-2014,40.290001,40.68,39.75,39.91,35.503998,56876800
28-04-2014,40.139999,41.290001,40.09,40.869999,36.358013,50610200
29-04-2014,41.099998,41.189999,40.389999,40.509998,36.037754,29636200
30-04-2014,40.400002,40.5,40.169998,40.400002,35.939903,35458700
01-05-2014,40.240002,40.360001,39.950001,40,35.584057,28787400
02-05-2014,40.310001,40.34,39.66,39.689999,35.308277,43416600
05-05-2014,39.52,39.639999,39.299999,39.43,35.076996,22460900
06-05-2014,39.290001,39.349998,38.950001,39.060001,34.747845,27112400
07-05-2014,39.220001,39.509998,38.509998,39.419998,35.068089,41744500
08-05-2014,39.34,39.900002,38.970001,39.639999,35.263802,32120400
09-05-2014,39.540001,39.849998,39.369999,39.540001,35.174843,29647600
12-05-2014,39.740002,40.02,39.650002,39.970001,35.557369,22782600
13-05-2014,39.919998,40.5,39.849998,40.419998,36.211361,27004800
14-05-2014,40.299999,40.450001,40.049999,40.240002,36.050106,18818700
15-05-2014,40.09,40.400002,39.509998,39.599998,35.476738,37793200
16-05-2014,39.669998,39.84,39.27,39.830002,35.682789,29867100
19-05-2014,39.610001,39.82,39.459999,39.75,35.611122,24537400
20-05-2014,39.68,39.939999,39.459999,39.68,35.548412,21320900
21-05-2014,39.799999,40.349998,39.740002,40.349998,36.148647,22398700
22-05-2014,40.290001,40.349998,39.849998,40.099998,35.924675,20201800
23-05-2014,40.369999,40.369999,40,40.119999,35.9426,18020000
27-05-2014,40.259998,40.259998,39.810001,40.189999,36.005314,26160600
28-05-2014,40.139999,40.189999,39.82,40.009998,35.844055,25711500
29-05-2014,40.150002,40.349998,39.91,40.34,36.13969,19888200
30-05-2014,40.450001,40.970001,40.25,40.939999,36.677219,34567600
02-06-2014,40.950001,41.09,40.68,40.790001,36.542839,18504300
03-06-2014,40.599998,40.68,40.25,40.290001,36.094894,18068900
04-06-2014,40.209999,40.369999,39.860001,40.32,36.121773,23209000
05-06-2014,40.59,41.25,40.400002,41.209999,36.919106,31865200
06-06-2014,41.48,41.66,41.240002,41.48,37.160988,24060500
09-06-2014,41.389999,41.48,41.02,41.27,36.972858,15019200
10-06-2014,41.029999,41.16,40.860001,41.110001,36.829517,15117700
11-06-2014,40.93,41.07,40.77,40.860001,36.605553,18040000
12-06-2014,40.810001,40.880001,40.290001,40.580002,36.354706,29818900
13-06-2014,41.099998,41.57,40.860001,41.23,36.937023,26310000
16-06-2014,41.040001,41.610001,41.040001,41.5,37.178921,24205300
17-06-2014,41.290001,41.91,40.34,41.68,37.340168,22518600
18-06-2014,41.610001,41.740002,41.18,41.650002,37.313301,27097000
19-06-2014,41.57,41.77,41.330002,41.509998,37.187866,19828200
20-06-2014,41.450001,41.830002,41.380001,41.68,37.340168,47764900
23-06-2014,41.73,42,41.689999,41.990002,37.617886,18743900
24-06-2014,41.830002,41.939999,41.560001,41.75,37.402878,26509100
25-06-2014,41.700001,42.049999,41.459999,42.029999,37.653725,20049100
26-06-2014,41.93,41.939999,41.43,41.720001,37.376007,23604400
27-06-2014,41.610001,42.290001,41.509998,42.25,37.850819,74640000
30-06-2014,42.169998,42.209999,41.700001,41.700001,37.358082,30793100
01-07-2014,41.860001,42.150002,41.689999,41.869999,37.510387,26917000
02-07-2014,41.73,41.900002,41.529999,41.900002,37.537262,20208100
03-07-2014,41.91,41.990002,41.560001,41.799999,37.447678,15969300
07-07-2014,41.75,42.119999,41.709999,41.990002,37.617886,21952400
08-07-2014,41.869999,42,41.610001,41.779999,37.429752,31218200
09-07-2014,41.98,41.990002,41.529999,41.669998,37.331211,18445900
10-07-2014,41.369999,42,41.049999,41.689999,37.349121,21854700
11-07-2014,41.700001,42.09,41.48,42.09,37.707474,24083000
14-07-2014,42.220001,42.450001,42.040001,42.139999,37.752266,21881100
15-07-2014,42.330002,42.470001,42.029999,42.450001,38.029995,28748700
16-07-2014,42.509998,44.310001,42.48,44.080002,39.490276,63318000
17-07-2014,45.450001,45.709999,44.25,44.529999,39.893414,82180300
18-07-2014,44.650002,44.84,44.25,44.689999,40.036755,43407500
21-07-2014,44.560001,45.16,44.220001,44.84,40.171135,37604400
22-07-2014,45,45.150002,44.59,44.830002,40.162186,43095800
23-07-2014,45.450001,45.450001,44.619999,44.869999,40.198009,52362900
24-07-2014,44.93,45,44.32,44.400002,39.776955,30725300
25-07-2014,44.299999,44.66,44.299999,44.5,39.866547,26737700
28-07-2014,44.360001,44.509998,43.93,43.970001,39.391735,29684200
29-07-2014,43.91,44.09,43.639999,43.889999,39.320049,27763100
30-07-2014,44.07,44.099998,43.290001,43.580002,39.042336,31921400
31-07-2014,43.380001,43.689999,43.080002,43.16,38.66608,31537500
01-08-2014,43.209999,43.25,42.599998,42.860001,38.397308,31170300
04-08-2014,42.970001,43.470001,42.810001,43.369999,38.854206,34277400
05-08-2014,43.310001,43.459999,42.830002,43.080002,38.594391,26266400
06-08-2014,42.740002,43.169998,42.209999,42.740002,38.289806,24634000
07-08-2014,42.84,43.450001,42.650002,43.23,38.728779,30314900
08-08-2014,43.23,43.32,42.91,43.200001,38.701908,28942700
11-08-2014,43.259998,43.450001,43.02,43.200001,38.701908,20351600
12-08-2014,43.040001,43.59,43,43.52,38.98859,21431100
13-08-2014,43.68,44.18,43.52,44.080002,39.490276,22889500
14-08-2014,44.080002,44.419998,44.009998,44.27,39.660484,19313200
15-08-2014,44.580002,44.900002,44.400002,44.790001,40.126343,41611300
18-08-2014,44.939999,45.110001,44.68,45.110001,40.413033,26891100
19-08-2014,44.970001,45.34,44.830002,45.330002,40.863766,28139500
20-08-2014,45.34,45.400002,44.900002,44.950001,40.521202,24770500
21-08-2014,44.84,45.25,44.830002,45.220001,40.764599,22285500
22-08-2014,45.349998,45.470001,45.07,45.150002,40.701496,18294500
25-08-2014,45.400002,45.439999,45.040001,45.169998,40.719521,16910000
26-08-2014,45.310001,45.400002,44.939999,45.009998,40.575291,14873100
27-08-2014,44.900002,45,44.759998,44.869999,40.449081,21287900
28-08-2014,44.75,44.98,44.610001,44.880001,40.458096,17657600
29-08-2014,45.09,45.439999,44.860001,45.43,40.953911,21607600
02-09-2014,45.43,45.459999,44.849998,45.09,40.647408,22976800
03-09-2014,44.529999,45.110001,44.529999,44.959999,40.530216,33684500
04-09-2014,44.740002,45.27,44.720001,45.259998,40.800655,26475500
05-09-2014,45.110001,45.93,45.110001,45.91,41.386623,36939400
08-09-2014,46.02,46.799999,45.990002,46.470001,41.891441,45736700
09-09-2014,46.470001,46.970001,46.419998,46.759998,42.152874,40302400
10-09-2014,46.82,46.939999,46.279999,46.84,42.224979,27302400
11-09-2014,46.740002,47,46.470001,47,42.369221,29216400
12-09-2014,46.91,47.02,46.599998,46.700001,42.098778,38244700
15-09-2014,46.540001,46.709999,46.099998,46.240002,41.684109,37667600
16-09-2014,46.389999,46.849998,46.290001,46.759998,42.152874,27910600
17-09-2014,46.259998,46.689999,46.23,46.52,41.936523,38311900
18-09-2014,46.59,46.830002,46.459999,46.68,42.080761,35556600
19-09-2014,46.810001,47.57,46.599998,47.52,42.83799,202522400
22-09-2014,47.299999,47.380001,46.98,47.060001,42.423309,38686100
23-09-2014,46.849998,46.98,46.470001,46.560001,41.97258,33430300
24-09-2014,46.630001,47.110001,46.34,47.080002,42.441345,26582700
25-09-2014,46.880001,47.09,46.029999,46.040001,41.503811,33077400
26-09-2014,45.93,46.619999,45.759998,46.41,41.837353,27078800
29-09-2014,45.98,46.560001,45.759998,46.439999,41.864391,26091000
30-09-2014,46.369999,46.48,46.009998,46.360001,41.792278,33033100
01-10-2014,46.27,46.529999,45.849998,45.900002,41.377613,38088400
02-10-2014,45.830002,46.099998,45.639999,45.759998,41.251396,25119400
03-10-2014,45.98,46.299999,45.610001,46.09,41.548889,32453200
06-10-2014,46.119999,46.299999,45.919998,46.09,41.548889,20604000
07-10-2014,45.860001,45.93,45.419998,45.529999,41.044056,25723700
08-10-2014,45.48,46.889999,45.34,46.779999,42.170902,33031000
09-10-2014,46.5,46.799999,45.740002,45.849998,41.332531,34422800
10-10-2014,45.599998,46.119999,43.950001,44.029999,39.691845,51978100
13-10-2014,43.82,44.560001,43.490002,43.650002,39.349293,37100200
14-10-2014,43.869999,44.380001,43.560001,43.73,39.42141,38115700
15-10-2014,43,43.389999,42.099998,43.220001,38.961666,60218700
16-10-2014,42.529999,43.080002,42.220001,42.740002,38.528957,49040400
17-10-2014,43.200001,43.939999,42.790001,43.630001,39.331261,40683300
20-10-2014,43.060001,44.139999,42.810001,44.080002,39.736931,34527900
21-10-2014,44.360001,44.98,44.189999,44.880001,40.458096,36433800
22-10-2014,45,45.07,44.23,44.380001,40.00737,33570900
23-10-2014,44.619999,45.450001,44.529999,45.02,40.584309,45451900
24-10-2014,46.830002,46.900002,45.18,46.130001,41.584953,61076700
27-10-2014,45.709999,46.099998,45.709999,45.91,41.386623,30371300
28-10-2014,45.860001,46.5,45.77,46.490002,41.909466,29049800
29-10-2014,46.439999,46.700001,46.34,46.619999,42.026661,30276100
30-10-2014,46.32,46.32,45.77,46.049999,41.512829,30073900
31-10-2014,46.939999,46.970001,46.48,46.950001,42.324146,35849700
03-11-2014,46.889999,47.459999,46.73,47.439999,42.765865,23130400
04-11-2014,47.299999,47.73,47.25,47.57,42.883072,21530800
05-11-2014,47.799999,47.900002,47.259998,47.860001,43.144485,22449600
06-11-2014,47.860001,48.860001,47.790001,48.700001,43.90173,33037800
07-11-2014,48.919998,48.919998,48.290001,48.68,43.883701,28000600
10-11-2014,48.650002,49.150002,48.549999,48.889999,44.073002,36370100
11-11-2014,48.849998,48.950001,48.650002,48.869999,44.054977,23445200
12-11-2014,48.560001,48.919998,48.52,48.779999,43.973846,22722100
13-11-2014,48.810001,49.650002,48.709999,49.610001,44.722069,26210400
14-11-2014,49.740002,50.049999,49.389999,49.580002,44.695026,29081700
17-11-2014,49.41,49.709999,49.139999,49.459999,44.586849,30318600
18-11-2014,49.130001,49.330002,48.700001,48.740002,44.214912,23995500
19-11-2014,48.66,48.75,47.93,48.220001,43.743187,26177500
20-11-2014,48,48.700001,47.869999,48.700001,44.178627,21510600
21-11-2014,49.02,49.049999,47.57,47.98,43.525475,42884800
24-11-2014,47.990002,48,47.389999,47.59,43.171677,35434200
25-11-2014,47.66,47.970001,47.450001,47.470001,43.062813,28008000
26-11-2014,47.490002,47.990002,47.279999,47.75,43.316818,27163600
28-11-2014,47.950001,48.200001,47.610001,47.810001,43.371258,21534400
01-12-2014,47.880001,48.779999,47.709999,48.619999,44.106049,31191600
02-12-2014,48.84,49.049999,48.200001,48.459999,43.960907,25773500
03-12-2014,48.439999,48.5,47.810001,48.080002,43.616184,23534800
04-12-2014,48.389999,49.060001,48.200001,48.84,44.305626,30320400
05-12-2014,48.82,48.970001,48.380001,48.419998,43.924622,27313400
08-12-2014,48.259998,48.349998,47.450001,47.700001,43.271461,26663100
09-12-2014,47.110001,47.919998,47.049999,47.59,43.171677,24330500
10-12-2014,47.580002,47.66,46.700001,46.900002,42.545731,30431800
11-12-2014,47.080002,47.740002,46.68,47.169998,42.790676,29060400
12-12-2014,46.779999,47.73,46.669998,46.950001,42.591095,34248400
15-12-2014,47.200001,47.669998,46.549999,46.669998,42.33709,29247800
16-12-2014,45.900002,46.34,45.130001,45.16,40.967281,47801400
17-12-2014,45.049999,45.950001,44.900002,45.740002,41.493439,34970900
18-12-2014,46.580002,47.52,46.34,47.52,43.108177,40105600
19-12-2014,47.630001,48.099998,47.169998,47.66,43.23518,64551200
22-12-2014,47.779999,48.119999,47.709999,47.98,43.525475,26566000
23-12-2014,48.369999,48.799999,48.130001,48.450001,43.951839,23648100
24-12-2014,48.639999,48.639999,48.080002,48.139999,43.67062,11437800
26-12-2014,48.41,48.41,47.82,47.880001,43.434746,13197800
29-12-2014,47.700001,47.779999,47.259998,47.450001,43.044674,14439500
30-12-2014,47.439999,47.619999,46.84,47.02,42.654591,16384700
31-12-2014,46.73,47.439999,46.450001,46.450001,42.13752,21552500
02-01-2015,46.66,47.419998,46.540001,46.759998,42.418739,27913900
05-01-2015,46.369999,46.73,46.25,46.330002,42.02866,39673900
06-01-2015,46.380001,46.75,45.540001,45.650002,41.411785,36447900
07-01-2015,45.98,46.459999,45.490002,46.23,41.937946,29114100
08-01-2015,46.75,47.75,46.720001,47.59,43.171677,29645200
09-01-2015,47.610001,47.82,46.900002,47.189999,42.808815,23942800
12-01-2015,47.419998,47.540001,46.360001,46.599998,42.273586,23651900
13-01-2015,46.970001,47.91,46.060001,46.360001,42.05587,35270600
14-01-2015,45.959999,46.240002,45.619999,45.959999,41.693005,29719600
15-01-2015,46.220001,46.380001,45.41,45.48,41.257576,32750800
16-01-2015,45.310001,46.279999,45.169998,46.240002,41.947018,35695300
20-01-2015,46.299999,46.650002,45.57,46.389999,42.083084,36041400
21-01-2015,45.939999,46.139999,45.48,45.919998,41.656715,39081100
22-01-2015,46.380001,47.139999,46.080002,47.130001,42.754383,35898000
23-01-2015,47.360001,47.389999,46.799999,47.18,42.799744,26047800
26-01-2015,47,47.130001,46.240002,47.009998,42.645527,42525500
27-01-2015,42.950001,43.200001,42.110001,42.66,38.699383,169164000
28-01-2015,42.740002,42.790001,41.16,41.189999,37.36586,84507100
29-01-2015,40.93,42.119999,40.790001,42.009998,38.10973,63585300
30-01-2015,41.549999,41.580002,40.349998,40.400002,36.649212,78004900
02-02-2015,40.59,41.369999,40.23,41.279999,37.447506,50352500
03-02-2015,41.630001,41.93,41.049999,41.599998,37.737797,51890200
04-02-2015,41.939999,42.209999,41.360001,41.84,37.955521,41614800
05-02-2015,42.220001,42.639999,41.860001,42.450001,38.508881,36548200
06-02-2015,42.68,42.790001,42.150002,42.41,38.472599,34311700
09-02-2015,42.240002,42.740002,42.209999,42.360001,38.427227,31381100
10-02-2015,42.740002,42.77,42.18,42.599998,38.644958,29670700
11-02-2015,42.650002,42.650002,42.209999,42.380001,38.445389,38262500
12-02-2015,42.66,43.09,42.509998,43.09,39.089466,33268800
13-02-2015,43.380001,43.869999,43.150002,43.869999,39.797047,40264900
17-02-2015,43.970001,44,43.189999,43.580002,39.815327,33695700
18-02-2015,43.630001,43.700001,43.389999,43.529999,39.769634,27074900
19-02-2015,43.18,43.529999,43.049999,43.5,39.742237,27603400
20-02-2015,43.509998,43.880001,43.290001,43.860001,40.071136,29721100
23-02-2015,43.700001,44.189999,43.650002,44.150002,40.336079,32518800
24-02-2015,44.150002,44.299999,43.919998,44.09,40.281261,25253000
25-02-2015,43.950001,44.09,43.799999,43.990002,40.189899,29759800
26-02-2015,43.990002,44.23,43.889999,44.060001,40.25386,28957300
27-02-2015,44.130001,44.200001,43.66,43.849998,40.061993,33807700
02-03-2015,43.669998,44.189999,43.549999,43.880001,40.089405,31924000
03-03-2015,43.560001,43.830002,43.09,43.279999,39.541237,31748600
04-03-2015,43.009998,43.209999,42.880001,43.060001,39.340244,25705800
05-03-2015,43.07,43.240002,42.82,43.110001,39.385925,23193500
06-03-2015,43,43.110001,42.150002,42.360001,38.700706,36248800
09-03-2015,42.189999,43.130001,42.189999,42.849998,39.14838,32108000
10-03-2015,42.349998,42.709999,42.029999,42.029999,38.399216,38506100
11-03-2015,42.310001,42.369999,41.84,41.98,38.353531,32215300
12-03-2015,41.330002,41.650002,40.860001,41.02,37.476471,59992500
13-03-2015,40.700001,41.470001,40.610001,41.380001,37.805367,58007700
16-03-2015,41.470001,41.639999,41.279999,41.560001,37.969818,35273500
17-03-2015,41.369999,41.830002,41.150002,41.700001,38.097729,31587200
18-03-2015,41.43,42.830002,41.330002,42.5,38.828625,43971800
19-03-2015,42.259998,42.59,42.220001,42.290001,38.636761,33879100
20-03-2015,42.560001,42.98,42.490002,42.880001,39.175793,71904500
23-03-2015,42.880001,43.130001,42.779999,42.860001,39.157516,26049000
24-03-2015,42.779999,43.169998,42.75,42.900002,39.194061,25513300
25-03-2015,42.919998,42.93,41.439999,41.459999,37.87846,43469900
26-03-2015,41.220001,41.610001,40.919998,41.209999,37.650059,37495600
27-03-2015,41.119999,41.43,40.830002,40.970001,37.43079,33820300
30-03-2015,41.099998,41.540001,40.91,40.959999,37.421658,35049700
31-03-2015,40.779999,41.029999,40.540001,40.66,37.147564,34887200
01-04-2015,40.599998,40.759998,40.310001,40.720001,37.202381,36752000
02-04-2015,40.66,40.740002,40.119999,40.290001,36.809528,37487500
06-04-2015,40.34,41.779999,40.18,41.549999,37.96069,39223700
07-04-2015,41.610001,41.91,41.310001,41.529999,37.942402,28809400
08-04-2015,41.459999,41.689999,41.040001,41.419998,37.841911,24753400
09-04-2015,41.25,41.619999,41.25,41.48,37.896729,25723900
10-04-2015,41.630001,41.950001,41.41,41.720001,38.115993,28022000
13-04-2015,41.400002,42.060001,41.389999,41.759998,38.152542,30276700
14-04-2015,41.799999,42.029999,41.389999,41.650002,38.052044,24078000
15-04-2015,41.759998,42.459999,41.68,42.259998,38.609344,27343600
16-04-2015,41.950001,42.34,41.82,42.16,38.51799,22509700
17-04-2015,41.669998,41.740002,41.16,41.619999,38.024628,42387600
20-04-2015,41.73,43.169998,41.68,42.91,39.203194,45738800
21-04-2015,43,43.150002,42.529999,42.639999,38.956524,26013800
22-04-2015,42.669998,43.130001,42.549999,42.990002,39.276295,25064300
23-04-2015,42.889999,43.610001,42.799999,43.34,39.596054,46309500
24-04-2015,45.66,48.139999,45.650002,47.869999,43.734726,130933700
27-04-2015,47.23,48.130001,47.220001,48.029999,43.880901,59248200
28-04-2015,47.779999,49.209999,47.700001,49.16,44.91328,60730800
29-04-2015,48.720001,49.310001,48.5,49.060001,44.821926,47804600
30-04-2015,48.700001,49.540001,48.599998,48.639999,44.43821,64725500
01-05-2015,48.580002,48.880001,48.400002,48.66,44.456478,38937300
04-05-2015,48.369999,48.869999,48.18,48.240002,44.072769,34039500
05-05-2015,47.82,48.16,47.310001,47.599998,43.488049,50369200
06-05-2015,47.57,47.77,46.02,46.279999,42.282074,52433000
07-05-2015,46.27,47.09,46.16,46.700001,42.665791,32971700
08-05-2015,47.549999,47.98,47.52,47.75,43.625092,35364900
11-05-2015,47.549999,47.91,47.369999,47.369999,43.277916,24609400
12-05-2015,46.849998,47.68,46.419998,47.349998,43.259651,29928300
13-05-2015,48.189999,48.32,47.57,47.630001,43.515453,34184600
14-05-2015,48.029999,48.82,48.029999,48.720001,44.511295,32980900
15-05-2015,48.869999,48.91,48.049999,48.299999,44.127586,28642700
18-05-2015,47.98,48.220001,47.610001,48.009998,43.862637,23631000
19-05-2015,47.560001,47.810001,47.18,47.580002,43.752285,28574800
20-05-2015,47.389999,47.93,47.27,47.580002,43.752285,25047900
21-05-2015,47.279999,47.599998,47.009998,47.419998,43.605152,22410700
22-05-2015,47.299999,47.349998,46.82,46.900002,43.126991,25720600
26-05-2015,46.830002,46.880001,46.189999,46.59,42.841934,29581900
27-05-2015,46.82,47.77,46.619999,47.610001,43.779873,27335600
28-05-2015,47.5,48.02,47.389999,47.450001,43.632744,19283700
29-05-2015,47.43,47.57,46.59,46.860001,43.09021,35428100
01-06-2015,47.060001,47.77,46.619999,47.23,43.430428,28837300
02-06-2015,46.93,47.349998,46.619999,46.919998,43.145382,21283400
03-06-2015,47.369999,47.740002,46.82,46.849998,43.081013,28002200
04-06-2015,46.790001,47.16,46.200001,46.360001,42.630428,27745500
05-06-2015,46.310001,46.52,45.84,46.139999,42.428131,25438100
08-06-2015,46.299999,46.43,45.669998,45.73,42.051117,21822300
09-06-2015,45.759998,45.939999,45.459999,45.650002,41.977551,24406100
10-06-2015,45.790001,46.830002,45.689999,46.610001,42.860321,28417400
11-06-2015,46.66,46.919998,46.130001,46.439999,42.703983,27347800
12-06-2015,46.220001,46.470001,45.900002,45.970001,42.271805,23931000
15-06-2015,45.450001,45.650002,45.02,45.48,41.821232,33254500
16-06-2015,45.349998,46.240002,45.299999,45.830002,42.143066,27070300
17-06-2015,45.73,46.07,45.360001,45.970001,42.271805,28704100
18-06-2015,46.220001,46.799999,46.169998,46.720001,42.961472,32658300
19-06-2015,46.790001,46.830002,45.990002,46.099998,42.391354,63837000
22-06-2015,46.330002,46.720001,46.16,46.23,42.510891,20318100
23-06-2015,46.130001,46.279999,45.619999,45.91,42.216637,25896500
24-06-2015,45.669998,46.25,45.549999,45.639999,41.968357,34890900
25-06-2015,46.029999,46.060001,45.5,45.650002,41.977551,20616000
26-06-2015,45.650002,46.279999,45.029999,45.259998,41.618927,49835300
29-06-2015,45.040001,45.23,44.360001,44.369999,40.800522,34081700
30-06-2015,44.709999,44.720001,43.939999,44.150002,40.598217,35945400
01-07-2015,44.459999,45.23,44.099998,44.450001,40.874092,28343900
02-07-2015,44.48,44.75,44.060001,44.400002,40.82811,21752000
06-07-2015,43.959999,44.48,43.950001,44.389999,40.818909,23034000
07-07-2015,44.34,44.490002,43.32,44.299999,40.736153,36435800
08-07-2015,44.439999,44.900002,44.029999,44.240002,40.680973,39785900
09-07-2015,44.75,45.220001,44.5,44.52,40.938461,32424700
10-07-2015,45.009998,45.139999,44.57,44.610001,41.021217,25465800
13-07-2015,44.98,45.619999,44.950001,45.540001,41.8764,28178300
14-07-2015,45.450001,45.959999,45.310001,45.619999,41.949966,22880300
15-07-2015,45.68,45.889999,45.43,45.759998,42.078697,26629600
16-07-2015,46.009998,46.689999,45.970001,46.66,42.906292,26271700
17-07-2015,46.549999,46.779999,46.259998,46.619999,42.869511,29467100
20-07-2015,46.650002,47.130001,46.439999,46.919998,43.145382,30631900
21-07-2015,46.779999,47.330002,46.48,47.279999,43.476418,42781900
22-07-2015,45.439999,46.93,45.200001,45.540001,41.8764,59152400
23-07-2015,45.27,46.23,45.099998,46.110001,42.400547,33934000
24-07-2015,45.91,46.32,45.799999,45.939999,42.244221,32333200
27-07-2015,45.939999,46.009998,45.25,45.349998,41.701679,39701400
28-07-2015,45.580002,45.639999,44.790001,45.34,41.69249,34328900
29-07-2015,45.400002,46.779999,45.259998,46.290001,42.566055,40945900
30-07-2015,46.259998,47.400002,45.93,46.880001,43.108604,39777900
31-07-2015,47.290001,47.369999,46.5,46.700001,42.943081,31201500
03-08-2015,46.98,47,46.450001,46.810001,43.044235,24125900
04-08-2015,46.75,47.709999,46.68,47.540001,43.7155,33403900
05-08-2015,47.98,48.41,47.540001,47.580002,43.752285,26959700
06-08-2015,47.709999,47.77,46.330002,46.619999,42.869511,27368000
07-08-2015,46.389999,46.779999,46.259998,46.740002,42.979866,19163000
10-08-2015,46.950001,47.490002,46.84,47.330002,43.5224,23079900
11-08-2015,46.82,46.939999,45.900002,46.41,42.676407,28384300
12-08-2015,46.189999,46.900002,45.709999,46.740002,42.979866,30181400
13-08-2015,47.060001,47.099998,46.490002,46.73,42.970665,22627200
14-08-2015,46.529999,47.099998,46.52,47,43.218945,21356800
17-08-2015,46.810001,47.450001,46.57,47.32,43.513199,21099700
18-08-2015,46.84,47.43,46.700001,47.27,43.753864,23574100
19-08-2015,46.779999,47.080002,46.299999,46.610001,43.14296,31485500
20-08-2015,46.07,46.470001,45.66,45.66,42.263615,36238200
21-08-2015,45.299999,45.48,43.07,43.07,39.866272,70053100
24-08-2015,40.450001,42.689999,39.720001,41.68,38.579666,88753700
25-08-2015,42.57,43.240002,40.389999,40.470001,37.459671,70616600
26-08-2015,42.009998,42.84,41.060001,42.709999,39.533051,63408000
27-08-2015,43.23,43.950001,42.93,43.900002,40.634541,50943200
28-08-2015,43.400002,44.150002,43.389999,43.93,40.6623,28246700
31-08-2015,43.560001,43.93,43.099998,43.52,40.282799,34159100
01-09-2015,42.169998,42.59,41.66,41.82,38.709255,49688900
02-09-2015,42.360001,43.380001,41.880001,43.360001,40.134701,37671500
03-09-2015,43.41,43.98,43.279999,43.5,40.264301,28285200
04-09-2015,42.810001,43.040001,42.200001,42.610001,39.440491,37138800
08-09-2015,43.299999,44,43.200001,43.889999,40.625278,32469800
09-09-2015,44.209999,44.400002,42.91,43.07,39.866272,33318800
10-09-2015,43.119999,43.790001,42.75,43.290001,40.069916,31366600
11-09-2015,43.139999,43.59,42.939999,43.48,40.245777,27132500
14-09-2015,43.43,43.439999,42.860001,43.040001,39.838512,23656000
15-09-2015,43.189999,44.290001,43.080002,43.98,40.708591,28662100
16-09-2015,43.970001,44.380001,43.84,44.299999,41.004784,23372200
17-09-2015,44.290001,45,44.080002,44.25,40.9585,32768200
18-09-2015,43.5,43.990002,43.330002,43.48,40.245777,62221600
21-09-2015,43.619999,44.470001,43.599998,44.110001,40.828915,26177200
22-09-2015,43.380001,44.049999,43.310001,43.900002,40.634541,28085900
23-09-2015,43.93,44.169998,43.509998,43.869999,40.606762,17145200
24-09-2015,43.450001,44.130001,43.27,43.91,40.643791,27905600
25-09-2015,44.48,44.73,43.759998,43.939999,40.671562,29384600
28-09-2015,43.830002,44.09,43.209999,43.290001,40.069916,27613800
29-09-2015,43.369999,43.57,43.049999,43.439999,40.208755,32763600
30-09-2015,43.880001,44.299999,43.66,44.259998,40.967751,34589500
01-10-2015,44.75,44.75,43.75,44.610001,41.291721,28657900
02-10-2015,44.27,45.57,43.919998,45.57,42.180313,41839000
05-10-2015,45.75,46.889999,45.700001,46.630001,43.161465,34369300
06-10-2015,46.330002,47.18,46.220001,46.75,43.272541,27017200
07-10-2015,47.099998,47.349998,45.950001,46.799999,43.318817,27711500
08-10-2015,46.560001,47.52,46.5,47.450001,43.920475,33772700
09-10-2015,47.450001,47.540001,46.919998,47.110001,43.605762,28600600
12-10-2015,46.98,47.07,46.5,47,43.503944,19769100
13-10-2015,46.560001,47.130001,46.560001,46.889999,43.402126,19987800
14-10-2015,46.650002,47.099998,46.529999,46.68,43.207748,24697800
15-10-2015,47.009998,47.029999,46.529999,47.009998,43.513195,27189400
16-10-2015,47.02,47.540001,46.900002,47.509998,43.976013,26450300
19-10-2015,47.419998,47.880001,47.02,47.619999,44.077824,29387600
20-10-2015,47.439999,47.810001,47.02,47.77,44.216675,30574000
21-10-2015,47.919998,47.990002,47.110001,47.200001,43.689068,25144300
22-10-2015,47.529999,48.950001,47.09,48.029999,44.457325,56637100
23-10-2015,52.299999,54.07,52.25,52.869999,48.937309,135227100
26-10-2015,52.529999,54.32,52.5,54.25,50.214668,64633300
27-10-2015,53.990002,54.369999,53.580002,53.689999,49.696312,50999900
28-10-2015,53.540001,53.98,52.860001,53.98,49.964745,47000800
29-10-2015,53.540001,53.830002,53.220001,53.360001,49.390865,30036300
30-10-2015,53.32,53.990002,52.619999,52.639999,48.724419,46619800
02-11-2015,52.849998,53.360001,52.619999,53.240002,49.279785,30285000
03-11-2015,52.93,54.389999,52.900002,54.150002,50.122112,36596900
04-11-2015,54.18,54.880001,54.060001,54.400002,50.353508,37020400
05-11-2015,54.490002,54.700001,54,54.380001,50.334995,31468500
06-11-2015,54.09,54.98,53.959999,54.919998,50.834816,32851200
09-11-2015,54.549999,54.869999,53.560001,54.16,50.131359,32513100
10-11-2015,54.07,54.130001,53.27,53.509998,49.529709,55283700
11-11-2015,53.700001,54.200001,53.459999,53.650002,49.659294,36516300
12-11-2015,53.48,53.98,53.189999,53.32,49.35384,35361100
13-11-2015,53.07,53.290001,52.529999,52.84,48.909542,36848200
16-11-2015,53.080002,53.889999,52.849998,53.77,49.770363,32165200
17-11-2015,53.169998,53.529999,52.849998,52.970001,49.360348,31551300
18-11-2015,53,53.98,52.98,53.849998,50.180378,29710000
19-11-2015,53.990002,54.66,53.779999,53.939999,50.264259,28149200
20-11-2015,54.25,54.299999,53.27,54.189999,50.497215,37147600
23-11-2015,54.25,54.459999,53.75,54.189999,50.497215,28235900
24-11-2015,53.919998,54.439999,53.580002,54.25,50.553131,24600000
25-11-2015,54.09,54.23,53.689999,53.689999,50.031288,21005100
27-11-2015,53.799999,54.080002,53.790001,53.93,50.254925,9009100
30-11-2015,54.540001,54.959999,54,54.349998,50.646305,56241400
01-12-2015,54.41,55.23,54.299999,55.220001,51.457031,39952800
02-12-2015,55.32,55.959999,55.060001,55.209999,51.447712,47274900
03-12-2015,55.490002,55.77,53.93,54.200001,50.506531,38627800
04-12-2015,54.119999,56.23,54.099998,55.91,52.099998,43963700
07-12-2015,55.790001,55.970001,55.290001,55.810001,52.006817,30709800
08-12-2015,55.470001,56.099998,54.990002,55.790001,51.988182,32878000
09-12-2015,55.369999,55.869999,54.509998,54.98,51.233383,36373200
10-12-2015,55.389999,55.66,55.009998,55.27,51.503613,31620700
11-12-2015,54.709999,55.099998,54.009998,54.060001,50.376076,39549500
14-12-2015,54.330002,55.209999,53.68,55.139999,51.382481,46768900
15-12-2015,55.66,55.900002,55.09,55.200001,51.438385,39843000
16-12-2015,55.540001,56.25,54.759998,56.130001,52.305008,37503300
17-12-2015,56.360001,56.790001,55.529999,55.700001,51.904312,41280900
18-12-2015,55.77,56,54.029999,54.130001,50.441303,84684200
21-12-2015,54.880001,55.349998,54.23,54.830002,51.093605,37246300
22-12-2015,54.990002,55.48,54.5,55.349998,51.578163,28300300
23-12-2015,55.700001,55.880001,55.439999,55.82,52.016132,27279800
24-12-2015,55.860001,55.959999,55.43,55.669998,51.876358,9570000
28-12-2015,55.349998,55.950001,54.98,55.950001,52.137276,21698000
29-12-2015,56.290001,56.849998,56.060001,56.549999,52.696388,27731400
30-12-2015,56.470001,56.779999,56.290001,56.310001,52.472748,21704500
31-12-2015,56.040001,56.189999,55.419998,55.48,51.69931,27334100
04-01-2016,54.32,54.799999,53.389999,54.799999,51.065639,53778000
05-01-2016,54.93,55.389999,54.540001,55.049999,51.298611,34079700
06-01-2016,54.32,54.400002,53.639999,54.049999,50.366753,39518900
07-01-2016,52.700001,53.490002,52.07,52.169998,48.614864,56564900
08-01-2016,52.369999,53.279999,52.150002,52.330002,48.763962,48754000
11-01-2016,52.509998,52.849998,51.459999,52.299999,48.736,36663600
12-01-2016,52.759998,53.099998,52.060001,52.779999,49.183296,36095500
13-01-2016,53.799999,54.07,51.299999,51.639999,48.120983,66883600
14-01-2016,52,53.419998,51.57,53.110001,49.490814,52381900
15-01-2016,51.310001,51.970001,50.34,50.990002,47.515282,71820700
19-01-2016,51.48,51.68,50.060001,50.560001,47.114582,43564500
20-01-2016,49.98,51.380001,49.099998,50.790001,47.328907,63273000
21-01-2016,51,51.580002,50.299999,50.48,47.040028,40191200
22-01-2016,51.41,52.330002,51.259998,52.290001,48.726696,37555800
25-01-2016,51.939999,52.650002,51.650002,51.790001,48.260765,34707700
26-01-2016,51.790001,52.439999,51.549999,52.169998,48.614864,28699500
27-01-2016,52.009998,52.200001,51.02,51.220001,47.72961,36775200
28-01-2016,51.860001,52.209999,51.25,52.060001,48.512363,62513800
29-01-2016,54.73,55.09,54,55.09,51.335884,83611700
01-02-2016,54.880001,55.09,54.5,54.709999,50.981773,44208500
02-02-2016,54.169998,54.259998,52.650002,53,49.388306,56313800
03-02-2016,53.25,53.389999,51.259998,52.16,48.605545,57559800
04-02-2016,52.099998,52.810001,51.369999,52,48.456451,46803400
05-02-2016,51.939999,52,49.560001,50.16,46.74184,62009000
08-02-2016,49.549999,49.57,48.189999,49.41,46.042942,59290500
09-02-2016,49.02,50.240002,48.669998,49.279999,45.92181,45822200
10-02-2016,49.889999,50.389999,49.52,49.709999,46.322506,38237000
11-02-2016,48.68,50.110001,48.509998,49.689999,46.303867,48878600
12-02-2016,50.25,50.68,49.75,50.5,47.058666,34243300
16-02-2016,50.900002,51.09,50.130001,51.09,47.950283,37291200
17-02-2016,51.490002,52.77,51.450001,52.419998,49.198555,40789000
18-02-2016,52.330002,52.950001,52.099998,52.189999,48.982681,27176000
19-02-2016,51.970001,52.279999,51.529999,51.82,48.635426,33559100
22-02-2016,52.279999,53,52.279999,52.650002,49.414413,25008300
23-02-2016,52.34,52.369999,50.98,51.18,48.034756,28895300
24-02-2016,50.689999,51.5,50.200001,51.360001,48.203693,33014500
25-02-2016,51.73,52.099998,50.610001,52.099998,48.898209,26695900
26-02-2016,52.599998,52.68,51.099998,51.299999,48.147377,35975900
29-02-2016,51.349998,51.650002,50.66,50.880001,47.753189,31654000
01-03-2016,50.970001,52.59,50.919998,52.580002,49.348721,33024500
02-03-2016,52.41,52.959999,52.16,52.950001,49.69598,29289900
03-03-2016,52.970001,52.970001,51.779999,52.349998,49.132851,24418100
04-03-2016,52.400002,52.450001,51.709999,52.029999,48.832516,33034200
07-03-2016,51.560001,51.799999,50.580002,51.029999,47.89397,38407800
08-03-2016,50.799999,52.130001,50.599998,51.650002,48.475876,33835100
09-03-2016,51.889999,52.849998,51.860001,52.84,49.592743,28251600
10-03-2016,52.93,52.939999,51.16,52.049999,48.851292,38384200
11-03-2016,53,53.07,52.380001,53.07,49.808609,32275700
14-03-2016,52.709999,53.59,52.630001,53.169998,49.902466,24083600
15-03-2016,52.75,53.59,52.740002,53.59,50.29665,21104800
16-03-2016,53.450001,54.599998,53.400002,54.349998,51.009941,31691700
17-03-2016,54.209999,55,54,54.66,51.300888,28223900
18-03-2016,54.919998,54.970001,53.450001,53.490002,50.202793,67625500
21-03-2016,53.25,53.93,52.93,53.860001,50.55006,23925700
22-03-2016,53.610001,54.25,53.459999,54.07,50.74715,23124100
23-03-2016,54.110001,54.240002,53.740002,53.970001,50.653297,20129000
24-03-2016,53.84,54.330002,53.73,54.209999,50.878551,19950000
28-03-2016,54.209999,54.290001,53.330002,53.540001,50.249725,17025100
29-03-2016,53.66,54.860001,53.450001,54.709999,51.347816,23375000
30-03-2016,54.93,55.639999,54.900002,55.049999,51.666927,23008300
31-03-2016,54.950001,55.59,54.860001,55.23,51.835869,26360500
01-04-2016,55.049999,55.610001,54.57,55.57,52.154972,24399200
04-04-2016,55.43,55.66,55,55.43,52.023575,18928800
05-04-2016,55.189999,55.299999,54.459999,54.560001,51.207035,19272300
06-04-2016,54.360001,55.200001,54.209999,55.119999,51.732613,21032100
07-04-2016,54.869999,54.91,54.23,54.459999,51.113182,19225100
08-04-2016,54.669998,55.279999,54.32,54.419998,51.075642,22167200
11-04-2016,54.490002,55.150002,54.299999,54.310001,50.972408,21414200
12-04-2016,54.369999,54.779999,53.759998,54.650002,51.291508,24574200
13-04-2016,55.119999,55.439999,54.889999,55.349998,51.94849,20818000
14-04-2016,55.220001,55.580002,55.07,55.360001,51.957878,20875100
15-04-2016,55.299999,55.919998,55.110001,55.650002,52.230061,28793800
18-04-2016,55.490002,56.59,55.209999,56.459999,52.99028,23150300
19-04-2016,56.630001,56.77,55.68,56.389999,52.924572,29596800
20-04-2016,56.290001,56.5,55.490002,55.59,52.173744,36195700
21-04-2016,55.799999,56.23,55.419998,55.779999,52.352062,38909100
22-04-2016,51.91,52.43,50.77,51.779999,48.597881,126834100
25-04-2016,51.779999,52.130001,51.630001,52.110001,48.9076,33226900
26-04-2016,52.259998,52.349998,51.09,51.439999,48.278786,33532600
27-04-2016,51.48,51.5,50.549999,50.939999,47.809502,43369300
28-04-2016,50.619999,50.77,49.560001,49.900002,46.833416,43134800
29-04-2016,49.349998,50.25,49.349998,49.869999,46.805256,48411700
02-05-2016,50,50.75,49.779999,50.610001,47.499786,33114500
03-05-2016,50.34,50.41,49.599998,49.779999,46.720787,26460200
04-05-2016,49.84,50.060001,49.459999,49.869999,46.805256,24257600
05-05-2016,49.869999,50.299999,49.73,49.939999,46.870964,25390700
06-05-2016,49.919998,50.389999,49.66,50.389999,47.293301,24787300
09-05-2016,50.490002,50.59,50,50.07,46.99297,17951600
10-05-2016,50.330002,51.099998,50.189999,51.02,47.884594,22741500
11-05-2016,51.130001,51.779999,51,51.049999,47.912746,24039100
12-05-2016,51.200001,51.810001,50.919998,51.509998,48.344475,24102800
13-05-2016,51.439999,51.900002,51.040001,51.080002,47.940903,22592300
16-05-2016,50.799999,51.959999,50.75,51.830002,48.64481,20032000
17-05-2016,51.720001,51.73,50.360001,50.509998,47.737503,27803500
18-05-2016,50.48,51.139999,50.299999,50.810001,48.021042,24907500
19-05-2016,50.470001,50.619999,49.82,50.32,47.55793,23842400
20-05-2016,50.48,51.220001,50.400002,50.619999,47.841461,23905800
23-05-2016,50.599998,50.68,49.98,50.029999,47.283848,25999700
24-05-2016,50.700001,51.709999,50.400002,51.59,48.758228,34757900
25-05-2016,51.919998,52.490002,51.790001,52.119999,49.259132,24040200
26-05-2016,51.93,51.98,51.360001,51.889999,49.041752,24182900
27-05-2016,51.919998,52.32,51.77,52.32,49.448154,17721400
31-05-2016,52.259998,53,52.080002,53,50.090828,37653100
01-06-2016,52.439999,52.950001,52.439999,52.849998,49.949059,25324800
02-06-2016,52.639999,52.740002,51.84,52.48,49.59938,22565300
03-06-2016,52.380001,52.419998,51.599998,51.790001,48.947247,23368300
06-06-2016,51.990002,52.349998,51.889999,52.130001,49.268585,18243300
07-06-2016,52.240002,52.73,52.099998,52.099998,49.240223,20866800
08-06-2016,52.02,52.439999,51.869999,52.040001,49.183525,21149400
09-06-2016,52,52,51.490002,51.619999,48.786575,20305700
10-06-2016,51.049999,52.049999,51.040001,51.48,48.654259,25833200
13-06-2016,49.580002,50.720001,49.060001,50.139999,47.38781,83217800
14-06-2016,49.900002,50.099998,49.57,49.830002,47.094833,42577100
15-06-2016,49.779999,50.119999,49.689999,49.689999,46.962517,33757600
16-06-2016,49.52,50.470001,49.509998,50.389999,47.624084,31188600
17-06-2016,50.41,50.43,49.82,50.130001,47.378368,45710500
20-06-2016,50.639999,50.830002,50.029999,50.07,47.321655,35607900
21-06-2016,50.200001,51.43,50.16,51.189999,48.38018,34097800
22-06-2016,51.080002,51.459999,50.950001,50.990002,48.191162,28816800
23-06-2016,51.279999,52.060001,51.150002,51.91,49.060658,29028800
24-06-2016,49.810001,50.939999,49.52,49.830002,47.094833,133503000
27-06-2016,49.099998,49.150002,48.040001,48.43,45.771671,50216300
28-06-2016,48.919998,49.470001,48.669998,49.439999,46.726238,38140700
29-06-2016,49.91,50.720001,49.799999,50.540001,47.765865,31304000
30-06-2016,50.720001,51.299999,50.5,51.169998,48.361279,28527800
01-07-2016,51.130001,51.720001,51.07,51.16,48.351826,21400400
05-07-2016,50.830002,51.279999,50.740002,51.169998,48.361279,24806400
06-07-2016,50.779999,51.540001,50.389999,51.380001,48.559753,28167500
07-07-2016,51.419998,51.610001,51.07,51.380001,48.559753,19580800
08-07-2016,51.73,52.360001,51.549999,52.299999,49.429249,28391000
11-07-2016,52.5,52.830002,52.470001,52.59,49.703339,22269200
12-07-2016,52.939999,53.400002,52.790001,53.209999,50.28931,27317600
13-07-2016,53.560001,53.860001,53.18,53.509998,50.572834,25356800
14-07-2016,53.84,53.990002,53.580002,53.740002,50.790203,24545500
15-07-2016,53.950001,54,53.209999,53.700001,50.752407,32024400
18-07-2016,53.700001,54.34,53.549999,53.959999,50.998131,31433900
19-07-2016,53.709999,53.900002,52.93,53.09,50.175888,53336500
20-07-2016,56.150002,56.84,55.529999,55.91,52.841095,89893300
21-07-2016,55.98,56.23,55.759998,55.799999,52.737137,32776700
22-07-2016,56.080002,56.630001,55.779999,56.57,53.46487,32157200
25-07-2016,56.470001,56.740002,56.259998,56.73,53.616085,25610600
26-07-2016,56.52,57.290001,56.509998,56.759998,53.64444,28079000
27-07-2016,56.610001,56.799999,56.110001,56.189999,53.105728,32095300
28-07-2016,56,56.369999,55.720001,56.209999,53.124634,37550400
29-07-2016,56.259998,56.759998,56.049999,56.68,53.568832,30558700
01-08-2016,56.599998,56.75,56.139999,56.580002,53.474319,26003400
02-08-2016,56.849998,56.900002,56.310001,56.580002,53.474319,35122000
03-08-2016,56.68,57.110001,56.490002,56.970001,53.842911,22075600
04-08-2016,56.799999,57.52,56.669998,57.389999,54.239864,26466400
05-08-2016,57.650002,58.209999,57.450001,57.959999,54.778572,29335200
08-08-2016,58.060001,58.09,57.779999,58.060001,54.873081,19473500
09-08-2016,58.169998,58.5,58.02,58.200001,55.005402,16920700
10-08-2016,58.16,58.32,57.82,58.02,54.835285,15756900
11-08-2016,58.029999,58.450001,58.029999,58.299999,55.099915,18133800
12-08-2016,58.029999,58.189999,57.619999,57.939999,54.759674,21655200
15-08-2016,58.009998,58.5,57.959999,58.119999,54.92979,19283900
16-08-2016,57.610001,57.619999,57.27,57.439999,54.625465,20523500
17-08-2016,57.540001,57.68,57.23,57.560001,54.73959,18856400
18-08-2016,57.419998,57.700001,57.27,57.599998,54.777634,14214300
19-08-2016,57.43,57.73,57.200001,57.619999,54.796646,17271000
22-08-2016,57.599998,57.75,57.259998,57.669998,54.844193,15221900
23-08-2016,57.900002,58.18,57.849998,57.889999,55.053417,18732400
24-08-2016,57.799999,58.040001,57.720001,57.950001,55.110477,18151500
25-08-2016,57.880001,58.290001,57.779999,58.169998,55.319695,18552600
26-08-2016,58.279999,58.700001,57.689999,58.029999,55.186558,20971200
29-08-2016,58.18,58.599998,58.099998,58.099998,55.253128,16217900
30-08-2016,57.98,58.189999,57.610001,57.889999,55.053417,16930200
31-08-2016,57.650002,57.799999,57.299999,57.459999,54.644493,20860300
01-09-2016,57.009998,57.82,57.009998,57.59,54.76812,26075400
02-09-2016,57.669998,58.189999,57.419998,57.669998,54.844193,18900500
06-09-2016,57.779999,57.799999,57.209999,57.610001,54.787144,16278400
07-09-2016,57.470001,57.84,57.41,57.66,54.83469,17493400
08-09-2016,57.630001,57.790001,57.18,57.43,54.615955,19972500
09-09-2016,56.790001,57.52,56.209999,56.209999,53.455742,35113900
12-09-2016,56,57.209999,55.610001,57.049999,54.254581,29303000
13-09-2016,56.5,56.650002,56.049999,56.529999,53.760063,30130200
14-09-2016,56.389999,56.630001,56.029999,56.259998,53.503292,24062500
15-09-2016,56.150002,57.349998,55.98,57.189999,54.387718,26847000
16-09-2016,57.630001,57.630001,56.75,57.25,54.444786,44607000
19-09-2016,57.27,57.75,56.849998,56.93,54.140461,20879200
20-09-2016,57.349998,57.349998,56.75,56.810001,54.026337,17384000
21-09-2016,57.509998,57.849998,57.080002,57.759998,54.929794,33707300
22-09-2016,57.919998,58,57.630001,57.82,54.986847,19822200
23-09-2016,57.869999,57.91,57.380001,57.43,54.615955,19955300
26-09-2016,57.080002,57.139999,56.830002,56.900002,54.111935,21688700
27-09-2016,56.93,58.060001,56.68,57.950001,55.110477,28065100
28-09-2016,57.880001,58.060001,57.669998,58.029999,55.186558,20536400
29-09-2016,57.810001,58.169998,57.209999,57.400002,54.587433,25463500
30-09-2016,57.57,57.77,57.34,57.599998,54.777634,29910800
03-10-2016,57.41,57.549999,57.060001,57.419998,54.606445,19189500
04-10-2016,57.27,57.599998,56.970001,57.240002,54.435272,20085900
05-10-2016,57.290001,57.959999,57.259998,57.639999,54.81567,16726400
06-10-2016,57.740002,57.860001,57.279999,57.740002,54.91077,16212600
07-10-2016,57.849998,57.98,57.419998,57.799999,54.967827,20089000
10-10-2016,57.91,58.389999,57.869999,58.040001,55.196068,18084400
11-10-2016,57.889999,58.02,56.889999,57.189999,54.387718,26497400
12-10-2016,57.110001,57.27,56.400002,57.110001,54.311638,22177500
13-10-2016,56.700001,57.299999,56.32,56.919998,54.130955,25313700
14-10-2016,57.119999,57.740002,57.119999,57.419998,54.606445,27402500
17-10-2016,57.360001,57.459999,56.869999,57.220001,54.416248,23830000
18-10-2016,57.529999,57.950001,57.41,57.66,54.83469,18631500
19-10-2016,57.470001,57.84,57.400002,57.529999,54.711056,22878400
20-10-2016,57.5,57.52,56.66,57.25,54.444786,49455600
21-10-2016,60.279999,60.450001,59.490002,59.66,56.736691,80032200
24-10-2016,59.939999,61,59.93,61,58.011032,54067000
25-10-2016,60.849998,61.369999,60.799999,60.990002,58.00153,35137200
26-10-2016,60.810001,61.200001,60.470001,60.630001,57.659161,29911600
27-10-2016,60.610001,60.830002,60.09,60.099998,57.155128,28479900
28-10-2016,60.009998,60.52,59.580002,59.869999,56.936398,33574700
31-10-2016,60.16,60.419998,59.919998,59.919998,56.983955,26434700
01-11-2016,59.970001,60.02,59.25,59.799999,56.869835,24533000
02-11-2016,59.82,59.93,59.299999,59.43,56.51796,22147000
03-11-2016,59.529999,59.639999,59.110001,59.209999,56.308739,21600400
04-11-2016,58.650002,59.279999,58.52,58.709999,55.833241,28697000
07-11-2016,59.779999,60.52,59.779999,60.419998,57.45945,31664800
08-11-2016,60.549999,60.779999,60.150002,60.470001,57.507,22862000
09-11-2016,60,60.59,59.200001,60.169998,57.221699,49632500
10-11-2016,60.48,60.490002,57.630001,58.700001,55.823734,57822400
11-11-2016,58.23,59.119999,58.009998,59.02,56.128056,38767800
14-11-2016,59.02,59.080002,57.279999,58.119999,55.272148,40861900
15-11-2016,58.330002,59.490002,58.32,58.869999,56.363617,35904100
16-11-2016,58.939999,59.66,58.810001,59.650002,57.110409,26851400
17-11-2016,60.41,60.950001,59.970001,60.639999,58.058262,32132700
18-11-2016,60.779999,61.139999,60.299999,60.349998,57.780605,27686300
21-11-2016,60.5,60.970001,60.419998,60.860001,58.26889,19652600
22-11-2016,60.98,61.259998,60.810001,61.119999,58.517818,23206700
23-11-2016,61.009998,61.099998,60.25,60.400002,57.82848,21847200
25-11-2016,60.299999,60.529999,60.130001,60.529999,57.952934,8409600
28-11-2016,60.34,61.02,60.209999,60.610001,58.029533,20732600
29-11-2016,60.650002,61.41,60.52,61.09,58.489094,22366700
30-11-2016,60.860001,61.18,60.220001,60.259998,57.694431,34655400
01-12-2016,60.110001,60.150002,58.939999,59.200001,56.679558,34542100
02-12-2016,59.080002,59.470001,58.799999,59.25,56.727432,25515700
05-12-2016,59.700001,60.59,59.560001,60.220001,57.656143,23552700
06-12-2016,60.43,60.459999,59.799999,59.950001,57.397633,19907000
07-12-2016,60.009998,61.380001,59.799999,61.369999,58.757179,30809000
08-12-2016,61.299999,61.580002,60.84,61.009998,58.412502,21220800
09-12-2016,61.18,61.990002,61.130001,61.970001,59.331631,27349400
12-12-2016,61.82,62.299999,61.720001,62.169998,59.523117,20198100
13-12-2016,62.5,63.419998,62.240002,62.98,60.29863,35718900
14-12-2016,63,63.450001,62.529999,62.68,60.011402,30352700
15-12-2016,62.700001,63.150002,62.299999,62.580002,59.915661,27669900
16-12-2016,62.950001,62.950001,62.119999,62.299999,59.647575,42204700
19-12-2016,62.560001,63.77,62.419998,63.619999,60.911385,34338200
20-12-2016,63.689999,63.799999,63.029999,63.540001,60.834789,26028400
21-12-2016,63.43,63.700001,63.119999,63.540001,60.834789,17096300
22-12-2016,63.84,64.099998,63.41,63.549999,60.844364,22176600
23-12-2016,63.450001,63.540001,62.799999,63.240002,60.547562,12398000
27-12-2016,63.209999,64.07,63.209999,63.279999,60.585857,11763200
28-12-2016,63.400002,63.400002,62.830002,62.990002,60.308201,14653300
29-12-2016,62.860001,63.200001,62.73,62.900002,60.222038,10181600
30-12-2016,62.959999,62.990002,62.029999,62.139999,59.494389,25579900
03-01-2017,62.790001,62.84,62.130001,62.580002,59.915661,20694100
04-01-2017,62.48,62.75,62.119999,62.299999,59.647575,21340000
05-01-2017,62.189999,62.66,62.029999,62.299999,59.647575,24876000
06-01-2017,62.299999,63.150002,62.040001,62.84,60.164589,19922900
09-01-2017,62.759998,63.080002,62.540001,62.639999,59.973103,20256600
10-01-2017,62.73,63.07,62.279999,62.619999,59.953957,18593000
11-01-2017,62.610001,63.23,62.43,63.189999,60.499687,21517300
12-01-2017,63.060001,63.400002,61.950001,62.610001,59.944386,20968200
13-01-2017,62.619999,62.869999,62.349998,62.700001,60.030556,19422300
17-01-2017,62.68,62.700001,62.029999,62.529999,59.867786,20620400
18-01-2017,62.669998,62.700001,62.119999,62.5,59.839069,19670100
19-01-2017,62.240002,62.98,62.200001,62.299999,59.647575,18451700
20-01-2017,62.669998,62.82,62.369999,62.740002,60.068851,30213500
23-01-2017,62.700001,63.119999,62.57,62.959999,60.27948,23097600
24-01-2017,63.200001,63.740002,62.939999,63.52,60.815643,24672900
25-01-2017,63.950001,64.099998,63.450001,63.68,60.968834,23672700
26-01-2017,64.120003,64.540001,63.549999,64.269997,61.533703,43554600
27-01-2017,65.389999,65.910004,64.889999,65.779999,62.979427,44818000
30-01-2017,65.690002,65.790001,64.800003,65.129997,62.35709,31651400
31-01-2017,64.860001,65.150002,64.260002,64.650002,61.897533,25270500
01-02-2017,64.360001,64.620003,63.470001,63.580002,60.873089,39671500
02-02-2017,63.25,63.41,62.75,63.169998,60.480537,45827000
03-02-2017,63.5,63.700001,63.07,63.68,60.968834,30301800
06-02-2017,63.5,63.650002,63.139999,63.639999,60.930534,19796400
07-02-2017,63.740002,63.779999,63.23,63.43,60.729473,20277200
08-02-2017,63.57,63.810001,63.220001,63.34,60.643307,18096400
09-02-2017,63.52,64.440002,63.32,64.059998,61.332649,22644400
10-02-2017,64.25,64.300003,63.98,64,61.275208,18170700
13-02-2017,64.239998,64.860001,64.129997,64.720001,61.964558,22920100
14-02-2017,64.410004,64.720001,64.019997,64.57,62.195728,23065900
15-02-2017,64.5,64.57,64.160004,64.529999,62.157196,17005200
16-02-2017,64.739998,65.239998,64.440002,64.519997,62.147564,20546300
17-02-2017,64.470001,64.690002,64.300003,64.620003,62.243885,21248800
21-02-2017,64.610001,64.949997,64.449997,64.489998,62.118668,20655900
22-02-2017,64.330002,64.389999,64.050003,64.360001,61.99345,19292700
23-02-2017,64.419998,64.730003,64.190002,64.620003,62.243885,20273100
24-02-2017,64.529999,64.800003,64.139999,64.620003,62.243885,21796800
27-02-2017,64.540001,64.540001,64.050003,64.230003,61.868233,15871500
28-02-2017,64.080002,64.199997,63.759998,63.98,61.627422,23239800
01-03-2017,64.129997,64.989998,64.019997,64.940002,62.552128,26937500
02-03-2017,64.690002,64.75,63.880001,64.010002,61.656315,24539600
03-03-2017,63.990002,64.279999,63.619999,64.25,61.887489,18135900
06-03-2017,63.970001,64.559998,63.810001,64.269997,61.906754,18750300
07-03-2017,64.190002,64.779999,64.190002,64.400002,62.031982,18521000
08-03-2017,64.260002,65.080002,64.25,64.989998,62.600281,21510900
09-03-2017,65.190002,65.199997,64.480003,64.730003,62.349838,19846800
10-03-2017,65.110001,65.260002,64.75,64.93,62.542484,19538200
13-03-2017,65.010002,65.190002,64.57,64.709999,62.330578,20100000
14-03-2017,64.529999,64.550003,64.150002,64.410004,62.041611,14280200
15-03-2017,64.550003,64.919998,64.25,64.75,62.369106,24833800
16-03-2017,64.75,64.760002,64.300003,64.639999,62.263157,20674300
17-03-2017,64.910004,65.239998,64.68,64.870003,62.484695,49219700
20-03-2017,64.910004,65.18,64.720001,64.93,62.542484,14598100
21-03-2017,65.190002,65.5,64.129997,64.209999,61.848965,26640500
22-03-2017,64.120003,65.139999,64.120003,65.029999,62.638809,20680000
23-03-2017,64.940002,65.239998,64.769997,64.870003,62.484695,19269200
24-03-2017,65.360001,65.449997,64.760002,64.980003,62.590652,22617100
27-03-2017,64.629997,65.220001,64.349998,65.099998,62.706234,18614700
28-03-2017,64.959999,65.470001,64.650002,65.290001,62.889248,20080400
29-03-2017,65.120003,65.5,64.949997,65.470001,63.062626,13618400
30-03-2017,65.419998,65.980003,65.360001,65.709999,63.293816,15122800
31-03-2017,65.650002,66.190002,65.449997,65.860001,63.438282,21040300
03-04-2017,65.809998,65.940002,65.190002,65.550003,63.139694,20400900
04-04-2017,65.389999,65.809998,65.279999,65.730003,63.31308,12997400
05-04-2017,66.300003,66.349998,65.440002,65.559998,63.149323,21448600
06-04-2017,65.599998,66.059998,65.480003,65.730003,63.31308,18103500
07-04-2017,65.849998,65.959999,65.440002,65.68,63.264923,14108500
10-04-2017,65.610001,65.82,65.360001,65.529999,63.120426,17952700
11-04-2017,65.599998,65.610001,64.849998,65.480003,63.072266,18791500
12-04-2017,65.419998,65.510002,65.110001,65.230003,62.831455,17108500
13-04-2017,65.290001,65.860001,64.949997,64.949997,62.561749,17896500
17-04-2017,65.040001,65.489998,65.010002,65.480003,63.072266,16689300
18-04-2017,65.330002,65.709999,65.160004,65.389999,62.98558,15155600
19-04-2017,65.650002,65.75,64.889999,65.040001,62.648449,26992800
20-04-2017,65.459999,65.75,65.139999,65.5,63.091534,22299500
21-04-2017,65.669998,66.699997,65.449997,66.400002,63.958435,32522600
24-04-2017,67.480003,67.660004,67.099998,67.529999,65.046883,29770000
25-04-2017,67.900002,68.040001,67.599998,67.919998,65.422546,30242700
26-04-2017,68.080002,68.309998,67.620003,67.830002,65.335854,26190800
27-04-2017,68.150002,68.379997,67.580002,68.269997,65.759674,34971000
28-04-2017,68.910004,69.139999,67.690002,68.459999,65.942688,39423500
01-05-2017,68.68,69.550003,68.5,69.410004,66.857765,31954400
02-05-2017,69.709999,69.709999,69.129997,69.300003,66.751801,23906100
03-05-2017,69.379997,69.379997,68.709999,69.080002,66.539902,28928000
04-05-2017,69.029999,69.080002,68.639999,68.809998,66.279816,21749400
05-05-2017,68.900002,69.029999,68.489998,69,66.46283,19128800
08-05-2017,68.970001,69.050003,68.419998,68.940002,66.405045,18566100
09-05-2017,68.860001,69.279999,68.68,69.040001,66.501373,22858400
10-05-2017,68.989998,69.559998,68.919998,69.309998,66.761436,17977800
11-05-2017,68.360001,68.730003,68.120003,68.459999,65.942688,28789400
12-05-2017,68.610001,68.610001,68.040001,68.379997,65.865623,18714100
15-05-2017,68.139999,68.480003,67.57,68.43,65.913788,31530300
16-05-2017,68.230003,69.440002,68.160004,69.410004,67.24099,34956000
17-05-2017,68.889999,69.099998,67.43,67.480003,65.371292,30548800
18-05-2017,67.400002,68.129997,67.139999,67.709999,65.594101,25201300
19-05-2017,67.5,68.099998,67.43,67.690002,65.574738,26961100
22-05-2017,67.889999,68.5,67.5,68.449997,66.310966,16237600
23-05-2017,68.720001,68.75,68.379997,68.68,66.533798,15425800
24-05-2017,68.870003,68.879997,68.449997,68.769997,66.620972,14593900
25-05-2017,68.970001,69.879997,68.910004,69.620003,67.444427,21854100
26-05-2017,69.800003,70.220001,69.519997,69.959999,67.773788,19827900
30-05-2017,69.790001,70.410004,69.769997,70.410004,68.209732,17072800
31-05-2017,70.529999,70.739998,69.809998,69.839996,67.657547,30436400
01-06-2017,70.239998,70.610001,69.449997,70.099998,67.909416,21603600
02-06-2017,70.440002,71.860001,70.239998,71.760002,69.517555,34770300
05-06-2017,71.970001,72.889999,71.809998,72.279999,70.021294,33316800
06-06-2017,72.300003,72.620003,72.269997,72.519997,70.253784,31511100
07-06-2017,72.639999,72.769997,71.949997,72.389999,70.127869,22301800
08-06-2017,72.510002,72.519997,71.5,71.949997,69.701607,24456300
09-06-2017,72.040001,72.080002,68.589996,70.32,68.122536,49187400
12-06-2017,69.25,69.940002,68.129997,69.779999,67.599419,47761700
13-06-2017,70.019997,70.82,69.959999,70.650002,68.44223,25258600
14-06-2017,70.910004,71.099998,69.43,70.269997,68.074112,25510700
15-06-2017,69.269997,70.209999,68.800003,69.900002,67.715675,26068700
16-06-2017,69.730003,70.029999,69.220001,70,67.812546,48345100
19-06-2017,70.5,70.940002,70.349998,70.870003,68.655357,23798300
20-06-2017,70.82,70.870003,69.870003,69.910004,67.725357,21512200
21-06-2017,70.209999,70.620003,69.940002,70.269997,68.074112,19891100
22-06-2017,70.540001,70.589996,69.709999,70.260002,68.064423,22965700
23-06-2017,70.089996,71.25,69.919998,71.209999,68.984726,27617300
26-06-2017,71.400002,71.709999,70.440002,70.529999,68.325989,19607000
27-06-2017,70.110001,70.18,69.18,69.209999,67.047234,25215100
28-06-2017,69.209999,69.839996,68.790001,69.800003,67.618805,25806200
29-06-2017,69.379997,69.489998,68.089996,68.489998,66.349731,28918700
30-06-2017,68.779999,69.379997,68.739998,68.93,66.775978,24161100
03-07-2017,69.330002,69.599998,68.019997,68.169998,66.039726,16165500
05-07-2017,68.260002,69.440002,68.220001,69.080002,66.921303,21176300
06-07-2017,68.269997,68.779999,68.120003,68.57,66.427231,21117600
07-07-2017,68.699997,69.839996,68.699997,69.459999,67.289413,16878300
10-07-2017,69.459999,70.25,69.199997,69.980003,67.793182,15014500
11-07-2017,70,70.68,69.75,69.989998,67.802856,17460000
12-07-2017,70.690002,71.279999,70.550003,71.150002,68.926613,17750900
13-07-2017,71.5,72.040001,71.309998,71.769997,69.527222,20269800
14-07-2017,72.239998,73.269997,71.959999,72.779999,70.505669,25868100
17-07-2017,72.800003,73.449997,72.720001,73.349998,71.057854,21803900
18-07-2017,73.089996,73.389999,72.660004,73.300003,71.009422,26435300
19-07-2017,73.5,74.040001,73.449997,73.860001,71.551918,22416200
20-07-2017,74.18,74.300003,73.279999,74.220001,71.900673,42361000
21-07-2017,73.449997,74.290001,73.169998,73.790001,71.484108,46717100
24-07-2017,73.529999,73.75,73.129997,73.599998,71.300049,21394800
25-07-2017,73.800003,74.309998,73.5,74.190002,71.871605,22018700
26-07-2017,74.339996,74.379997,73.809998,74.050003,71.735985,16252200
27-07-2017,73.760002,74.419998,72.32,73.160004,70.87381,36844200
28-07-2017,72.669998,73.309998,72.540001,73.040001,70.757545,18306700
31-07-2017,73.300003,73.440002,72.410004,72.699997,70.428162,23600100
01-08-2017,73.099998,73.419998,72.489998,72.580002,70.311943,22132300
02-08-2017,72.550003,72.559998,71.440002,72.260002,70.00193,26499200
03-08-2017,72.190002,72.440002,71.849998,72.150002,69.89537,18214400
04-08-2017,72.400002,73.040001,72.239998,72.68,70.408791,22579000
07-08-2017,72.800003,72.900002,72.260002,72.400002,70.13755,18705700
08-08-2017,72.089996,73.129997,71.75,72.790001,70.515366,22044600
09-08-2017,72.25,72.510002,72.050003,72.470001,70.205368,22213400
10-08-2017,71.900002,72.190002,71.349998,71.410004,69.178482,24734500
11-08-2017,71.610001,72.699997,71.279999,72.5,70.234421,21443700
14-08-2017,73.059998,73.720001,72.949997,73.589996,71.290359,20067300
15-08-2017,73.589996,73.589996,73.040001,73.220001,71.30983,19181400
16-08-2017,73.339996,74.099998,73.169998,73.650002,71.728622,18150400
17-08-2017,73.580002,73.870003,72.400002,72.400002,70.511238,22977500
18-08-2017,72.269997,72.839996,71.93,72.489998,70.598885,18761500
21-08-2017,72.470001,72.480003,71.699997,72.150002,70.267754,17734800
22-08-2017,72.349998,73.239998,72.349998,73.160004,71.251404,14343700
23-08-2017,72.959999,73.150002,72.529999,72.720001,70.822876,13766500
24-08-2017,72.739998,72.860001,72.07,72.690002,70.793663,17098300
25-08-2017,72.860001,73.349998,72.480003,72.82,70.920265,12794300
28-08-2017,73.059998,73.089996,72.550003,72.830002,70.930008,14569700
29-08-2017,72.25,73.160004,72.050003,73.050003,71.144272,11478400
30-08-2017,73.010002,74.209999,72.830002,74.010002,72.079231,16897800
31-08-2017,74.029999,74.959999,73.800003,74.769997,72.819397,27652800
01-09-2017,74.709999,74.739998,73.639999,73.940002,72.011063,21736200
05-09-2017,73.339996,73.889999,72.980003,73.610001,71.689659,21556000
06-09-2017,73.739998,74.040001,73.349998,73.400002,71.485146,16535800
07-09-2017,73.68,74.599998,73.599998,74.339996,72.400627,17471200
08-09-2017,74.330002,74.440002,73.839996,73.980003,72.050011,14703800
11-09-2017,74.309998,74.940002,74.309998,74.760002,72.809662,17910400
12-09-2017,74.760002,75.239998,74.370003,74.68,72.73175,14394900
13-09-2017,74.93,75.230003,74.550003,75.209999,73.247917,13380800
14-09-2017,75,75.489998,74.519997,74.769997,72.819397,15733900
15-09-2017,74.830002,75.389999,74.07,75.309998,73.345314,38578400
18-09-2017,75.230003,75.970001,75.040001,75.160004,73.199234,23307000
19-09-2017,75.209999,75.709999,75.010002,75.440002,73.471931,16093300
20-09-2017,75.349998,75.550003,74.309998,74.940002,72.98497,21587900
21-09-2017,75.110001,75.239998,74.110001,74.209999,72.274002,19186100
22-09-2017,73.989998,74.510002,73.849998,74.410004,72.468796,14111400
25-09-2017,74.089996,74.25,72.919998,73.260002,71.348785,24149200
26-09-2017,73.669998,73.809998,72.989998,73.260002,71.348785,18019600
27-09-2017,73.550003,74.169998,73.169998,73.849998,71.923409,19565100
28-09-2017,73.540001,73.970001,73.309998,73.870003,71.942886,10883800
29-09-2017,73.940002,74.540001,73.879997,74.489998,72.546715,17079100
02-10-2017,74.709999,75.010002,74.300003,74.610001,72.663582,15304800
03-10-2017,74.669998,74.879997,74.190002,74.260002,72.322716,12190400
04-10-2017,74.089996,74.720001,73.709999,74.690002,72.741486,13317700
05-10-2017,75.220001,76.120003,74.959999,75.970001,73.988106,21195300
06-10-2017,75.669998,76.029999,75.540001,76,74.017319,13959800
09-10-2017,75.970001,76.550003,75.860001,76.290001,74.299751,11386500
10-10-2017,76.330002,76.629997,76.139999,76.290001,74.299751,13944500
11-10-2017,76.360001,76.459999,75.949997,76.419998,74.426353,15388900
12-10-2017,76.489998,77.290001,76.370003,77.120003,75.108101,16876500
13-10-2017,77.589996,77.870003,77.290001,77.489998,75.468445,15335700
16-10-2017,77.419998,77.809998,77.349998,77.650002,75.624268,12380100
17-10-2017,77.470001,77.620003,77.25,77.589996,75.565826,16824000
18-10-2017,77.669998,77.849998,77.370003,77.610001,75.585312,13300700
19-10-2017,77.57,77.93,77.349998,77.910004,75.877495,15092800
20-10-2017,78.32,78.970001,78.220001,78.809998,76.754005,22866400
23-10-2017,78.989998,79.339996,78.760002,78.830002,76.773491,20627200
24-10-2017,78.900002,79.199997,78.459999,78.860001,76.802704,17517200
25-10-2017,78.580002,79.099998,78.010002,78.629997,76.57869,20410800
26-10-2017,79.199997,79.419998,78.75,78.760002,76.705315,32120700
27-10-2017,84.370003,86.199997,83.610001,83.809998,81.623573,71066700
30-10-2017,83.699997,84.330002,83.110001,83.889999,81.701469,31756700
31-10-2017,84.360001,84.360001,83.110001,83.18,81.01001,27086600
01-11-2017,83.68,83.760002,82.879997,83.18,81.01001,22307400
02-11-2017,83.349998,84.459999,83.120003,84.050003,81.857307,23992900
03-11-2017,84.080002,84.540001,83.400002,84.139999,81.944954,17633500
06-11-2017,84.199997,84.699997,84.080002,84.470001,82.26635,19164300
07-11-2017,84.769997,84.900002,83.93,84.269997,82.071564,17939700
08-11-2017,84.139999,84.610001,83.830002,84.559998,82.353996,18034200
09-11-2017,84.110001,84.269997,82.900002,84.089996,81.896255,21178400
10-11-2017,83.790001,84.099998,83.230003,83.870003,81.682007,19397800
13-11-2017,83.660004,83.940002,83.459999,83.93,81.740433,14196900
14-11-2017,83.5,84.099998,82.980003,84.050003,81.857307,18801300
15-11-2017,83.470001,83.690002,82.690002,82.980003,81.221085,19383100
16-11-2017,83.099998,83.419998,82.940002,83.199997,81.436417,20962800
17-11-2017,83.120003,83.120003,82.239998,82.400002,80.653381,22079000
20-11-2017,82.400002,82.589996,82.25,82.529999,80.780617,16315000
21-11-2017,82.739998,83.839996,82.739998,83.720001,81.945396,21237500
22-11-2017,83.830002,83.900002,83.040001,83.110001,81.348335,20553100
24-11-2017,83.010002,83.43,82.779999,83.260002,81.495148,7425600
27-11-2017,83.309998,83.980003,83.300003,83.870003,82.092224,18265200
28-11-2017,84.07,85.059998,84.019997,84.879997,83.080803,21926000
29-11-2017,84.709999,84.919998,83.18,83.339996,81.573456,27381100
30-11-2017,83.510002,84.519997,83.339996,84.169998,82.385864,33054600
01-12-2017,83.599998,84.809998,83.220001,84.260002,82.473946,29532100
04-12-2017,84.419998,84.43,80.699997,81.080002,79.361351,39094900
05-12-2017,81.339996,82.68,80.980003,81.589996,79.860535,26152300
06-12-2017,81.550003,83.139999,81.43,82.779999,81.025314,26162100
07-12-2017,82.540001,82.800003,82,82.489998,80.741463,23184500
08-12-2017,83.629997,84.580002,83.330002,84.160004,82.376076,24489100
11-12-2017,84.290001,85.370003,84.120003,85.230003,83.423393,22857900
12-12-2017,85.309998,86.050003,85.080002,85.580002,83.765968,23924100
13-12-2017,85.739998,86,85.169998,85.349998,83.540848,22062700
14-12-2017,85.43,85.870003,84.529999,84.690002,82.894844,19306000
15-12-2017,85.260002,87.089996,84.879997,86.849998,85.009048,53936700
18-12-2017,87.120003,87.5,86.230003,86.379997,84.549004,22283800
19-12-2017,86.349998,86.349998,85.269997,85.830002,84.010674,23524800
20-12-2017,86.199997,86.300003,84.709999,85.519997,83.70723,23674900
21-12-2017,86.050003,86.099998,85.400002,85.5,83.68766,17990700
22-12-2017,85.400002,85.629997,84.919998,85.510002,83.697456,14145800
26-12-2017,85.309998,85.529999,85.029999,85.400002,83.589783,9891200
27-12-2017,85.650002,85.980003,85.220001,85.709999,83.893211,14678000
28-12-2017,85.900002,85.93,85.550003,85.720001,83.903008,10594300
29-12-2017,85.629997,86.050003,85.5,85.540001,83.726814,18717400
02-01-2018,86.129997,86.309998,85.5,85.949997,84.128128,22483800
03-01-2018,86.059998,86.510002,85.970001,86.349998,84.519646,26061400
04-01-2018,86.589996,87.660004,86.57,87.110001,85.263542,21912000
05-01-2018,87.660004,88.410004,87.43,88.190002,86.320648,23407100
08-01-2018,88.199997,88.580002,87.599998,88.279999,86.408737,22113000
09-01-2018,88.650002,88.730003,87.860001,88.220001,86.350014,19484300
10-01-2018,87.860001,88.190002,87.410004,87.82,85.958488,18652200
11-01-2018,88.129997,88.129997,87.239998,88.080002,86.212975,17808900
12-01-2018,88.669998,89.779999,88.449997,89.599998,87.700768,24271500
16-01-2018,90.099998,90.790001,88.010002,88.349998,86.477257,36599700
17-01-2018,89.080002,90.279999,88.75,90.139999,88.229317,25602600
18-01-2018,89.800003,90.669998,89.660004,90.099998,88.190163,24159700
19-01-2018,90.139999,90.610001,89.660004,90,88.092278,36875000
22-01-2018,90,91.620003,89.739998,91.610001,89.668152,23601600
23-01-2018,91.900002,92.300003,91.540001,91.900002,89.951996,23412800
24-01-2018,92.550003,93.43,91.580002,91.82,89.873703,33277500
25-01-2018,92.470001,93.239998,91.93,92.330002,90.372894,26383200
26-01-2018,93.120003,94.059998,92.580002,94.059998,92.066223,29172200
29-01-2018,95.139999,95.449997,93.720001,93.919998,91.929192,31569900
30-01-2018,93.300003,93.660004,92.099998,92.739998,90.774193,38635100
31-01-2018,93.75,95.400002,93.510002,95.010002,92.996078,48756300
01-02-2018,94.790001,96.07,93.580002,94.260002,92.261978,47227900
02-02-2018,93.639999,93.970001,91.5,91.779999,89.834541,47867800
05-02-2018,90.559998,93.239998,88,88,86.134674,51031500
06-02-2018,86.889999,91.480003,85.25,91.330002,89.394089,67998600
07-02-2018,90.489998,91.769997,89.199997,89.610001,87.710548,41107600
08-02-2018,89.709999,89.879997,84.760002,85.010002,83.208054,55628700
09-02-2018,86.300003,88.93,83.830002,88.18,86.310867,63499100
12-02-2018,88.739998,89.779999,87.93,89.129997,87.240715,35720300
13-02-2018,88.93,90,87.800003,89.830002,87.92588,26407700
14-02-2018,88.510002,90.989998,88.410004,90.809998,89.302643,34960900
15-02-2018,91.209999,92.720001,90.620003,92.660004,91.121948,27823900
16-02-2018,92.449997,93.5,91.800003,92,90.472893,30596900
20-02-2018,91.480003,93.059998,91.010002,92.720001,91.180946,30911700
21-02-2018,92.980003,93.360001,91.489998,91.489998,89.971359,26922500
22-02-2018,92.050003,92.730003,91.360001,91.730003,90.207382,24392800
23-02-2018,93.599998,94.07,92.360001,94.059998,92.498703,26329200
26-02-2018,94.400002,95.449997,94.25,95.419998,93.836113,30199800
27-02-2018,95.739998,95.839996,94.199997,94.199997,92.636375,25869100
28-02-2018,94.839996,95.709999,93.629997,93.769997,92.213516,31167300
01-03-2018,93.989998,94.57,91.839996,92.849998,91.308777,37135600
02-03-2018,91.580002,93.150002,90.860001,93.050003,91.50547,32830400
05-03-2018,92.339996,94.269997,92.260002,93.639999,92.08567,23901600
06-03-2018,94.339996,94.489998,92.940002,93.32,91.770981,22175800
07-03-2018,93.160004,93.940002,92.43,93.860001,92.302025,26716100
08-03-2018,94.269997,95.099998,93.769997,94.43,92.862556,25887800
09-03-2018,95.290001,96.540001,95,96.540001,94.937538,36937300
12-03-2018,96.5,97.209999,96.040001,96.769997,95.163712,26073700
13-03-2018,97,97.239998,93.970001,94.410004,92.842896,35387800
14-03-2018,95.120003,95.410004,93.5,93.849998,92.292183,32132000
15-03-2018,93.529999,94.580002,92.830002,94.18,92.616714,27611000
16-03-2018,94.68,95.379997,93.919998,94.599998,93.029739,49081300
19-03-2018,93.739998,93.900002,92.110001,92.889999,91.348114,33344100
20-03-2018,93.050003,93.769997,93,93.129997,91.584137,23075200
21-03-2018,92.93,94.050003,92.209999,92.480003,90.944923,24457100
22-03-2018,91.269997,91.75,89.660004,89.790001,88.299576,38604700
23-03-2018,89.5,90.459999,87.080002,87.18,85.732895,44068900
26-03-2018,90.610001,94,90.400002,93.779999,92.223343,56396800
27-03-2018,94.940002,95.139999,88.510002,89.470001,87.984894,56569000
28-03-2018,89.82,91.230003,88.870003,89.389999,87.906212,52501100
29-03-2018,90.18,92.290001,88.400002,91.269997,89.755013,45867500
02-04-2018,90.470001,90.879997,87.510002,88.519997,87.050652,48515400
03-04-2018,89.580002,90.050003,87.889999,89.709999,88.220894,37213800
04-04-2018,87.849998,92.760002,87.730003,92.330002,90.797409,35560000
05-04-2018,92.440002,93.07,91.400002,92.379997,90.846581,29771900
06-04-2018,91.489998,92.459999,89.480003,90.230003,88.732277,38026000
09-04-2018,91.040001,93.169998,90.620003,90.769997,89.263313,31533900
10-04-2018,92.389999,93.279999,91.639999,92.879997,91.33828,26812000
11-04-2018,92.010002,93.290001,91.480003,91.860001,90.335213,24872100
12-04-2018,92.43,94.160004,92.43,93.580002,92.026665,26758900
13-04-2018,94.050003,94.18,92.440002,93.080002,91.534966,23346100
16-04-2018,94.07,94.660004,93.419998,94.169998,92.606865,20288100
17-04-2018,95,96.540001,94.879997,96.07,94.475334,26771000
18-04-2018,96.220001,96.720001,95.519997,96.440002,94.839195,21043300
19-04-2018,96.440002,97.07,95.339996,96.110001,94.514664,23552500
20-04-2018,95.910004,96.110001,94.050003,95,93.423088,31154400
23-04-2018,95.739998,96.290001,94.629997,95.349998,93.767281,22331800
24-04-2018,96.239998,96.470001,92.410004,93.120003,91.574295,34524800
25-04-2018,93.300003,93.300003,90.279999,92.309998,90.77774,33729300
26-04-2018,93.550003,95.150002,93.099998,94.260002,92.695389,42529000
27-04-2018,97.599998,97.900002,93.910004,95.82,94.229485,48272800
30-04-2018,96.330002,96.400002,93.150002,93.519997,91.967659,41523600
01-05-2018,93.209999,95.290001,92.790001,95,93.423088,31408900
02-05-2018,94.989998,95.169998,93.190002,93.510002,91.957832,27471000
03-05-2018,92.959999,94.93,92.449997,94.07,92.50853,31142500
04-05-2018,93.32,95.370003,92.919998,95.160004,93.580437,22531300
07-05-2018,95.169998,96.709999,95.099998,96.220001,94.622849,24242000
08-05-2018,95.849998,96.160004,95.059998,95.809998,94.21965,23484600
09-05-2018,96.010002,96.970001,95.050003,96.940002,95.330902,27327400
10-05-2018,97.459999,97.949997,97.050003,97.910004,96.284805,22388100
11-05-2018,97.800003,97.870003,97.040001,97.699997,96.078278,16778300
14-05-2018,97.919998,98.690002,97.309998,98.029999,96.402802,19454100
15-05-2018,97.239998,97.849998,96.339996,97.32,95.70459,24594000
16-05-2018,97.360001,97.400002,96.620003,97.150002,95.9515,17384700
17-05-2018,96.760002,97.540001,95.830002,96.18,94.993469,17246700
18-05-2018,96.010002,96.93,96.010002,96.360001,95.171249,17865800
21-05-2018,97,98.010002,96.800003,97.599998,96.39595,19422500
22-05-2018,97.68,98.169998,97.199997,97.5,96.297188,15441200
23-05-2018,96.709999,98.730003,96.32,98.660004,97.442871,21114800
24-05-2018,98.730003,98.940002,96.809998,98.309998,97.097191,26649300
25-05-2018,98.300003,98.980003,97.860001,98.360001,97.146576,18363900
29-05-2018,97.839996,98.879997,97.230003,98.010002,96.800896,28671000
30-05-2018,98.309998,99.25,97.910004,98.949997,97.729294,22158500
31-05-2018,99.290001,99.989998,98.610001,98.839996,97.620651,34140900
01-06-2018,99.279999,100.860001,99.169998,100.790001,99.5466,28655600
04-06-2018,101.260002,101.860001,100.849998,101.669998,100.415741,27281600
05-06-2018,102,102.330002,101.529999,102.190002,100.929337,23514400
06-06-2018,102.480003,102.599998,101.900002,102.489998,101.225624,21122900
07-06-2018,102.650002,102.690002,100.379997,100.879997,99.635483,28232200
08-06-2018,101.089996,101.949997,100.540001,101.629997,100.376228,22165100
11-06-2018,101.010002,101.589996,100.669998,101.050003,99.803398,23490900
12-06-2018,101.099998,101.449997,100.75,101.309998,100.060181,18325200
13-06-2018,101.720001,102.010002,100.559998,100.849998,99.605858,29492900
14-06-2018,101.650002,102.029999,101,101.419998,100.168823,25691800
15-06-2018,101.510002,101.529999,100.07,100.129997,98.894745,65738600
18-06-2018,100.010002,101.110001,99.419998,100.860001,99.615738,23586000
19-06-2018,99.650002,101,99.5,100.860001,99.615738,28653100
20-06-2018,101.370003,102.519997,101.120003,101.870003,100.613281,26180800
21-06-2018,102.080002,102.459999,100.879997,101.139999,99.892273,23198200
22-06-2018,100.410004,100.769997,99.629997,100.410004,99.171288,38923100
25-06-2018,100,100.110001,97.300003,98.389999,97.176208,35433300
26-06-2018,98.82,100.080002,98.75,99.080002,97.857689,26897200
27-06-2018,99.580002,100.019997,97.400002,97.540001,96.336693,31298400
28-06-2018,97.379997,99.110001,97.260002,98.629997,97.413246,26650700
29-06-2018,98.93,99.910004,98.330002,98.610001,97.393494,28053200
02-07-2018,98.099998,100.059998,98,100.010002,98.776222,19564500
03-07-2018,100.480003,100.629997,98.940002,99.050003,97.828064,14670300
05-07-2018,99.5,99.919998,99.029999,99.760002,98.529305,18977400
06-07-2018,99.889999,101.43,99.669998,101.160004,99.912033,19234600
09-07-2018,101.650002,102.25,101.25,101.849998,100.593529,18212000
10-07-2018,102,102.510002,101.860001,102.120003,100.860191,19293100
11-07-2018,101.150002,102.339996,101.099998,101.980003,100.721924,19644600
12-07-2018,102.769997,104.410004,102.730003,104.190002,102.904655,24335900
13-07-2018,104.370003,105.599998,104.089996,105.43,104.129356,24635200
16-07-2018,105.400002,105.82,104.519997,104.910004,103.615776,21786900
17-07-2018,104.610001,106.5,104.32,105.949997,104.642937,25901700
18-07-2018,105.940002,106.050003,104.720001,105.120003,103.823181,29493900
19-07-2018,104.93,105.309998,103.889999,104.400002,103.112061,40171600
20-07-2018,108.080002,108.199997,106.080002,106.269997,104.958992,56004000
23-07-2018,106.300003,108.139999,106.129997,107.970001,106.638016,29707000
24-07-2018,108.57,108.82,107.260002,107.660004,106.331848,26316600
25-07-2018,107.959999,111.150002,107.599998,110.830002,109.462738,30702100
26-07-2018,110.739998,111,109.5,109.620003,108.26767,31372100
27-07-2018,110.18,110.18,106.139999,107.68,106.351593,37005300
30-07-2018,107.190002,107.529999,104.760002,105.370003,104.070107,34668300
31-07-2018,106.489998,106.720001,105.379997,106.080002,104.771339,27655200
01-08-2018,106.029999,106.449997,105.419998,106.279999,104.968872,23628700
02-08-2018,105.400002,108.089996,104.839996,107.57,106.24295,26104300
03-08-2018,107.800003,108.050003,106.82,108.040001,106.707153,18659600
06-08-2018,108.120003,108.419998,107.559998,108.129997,106.796051,20265900
07-08-2018,108.559998,109.099998,108.169998,108.879997,107.536789,16080200
08-08-2018,109.330002,109.75,108.760002,109.489998,108.139275,15487500
09-08-2018,109.709999,110.160004,109.599998,109.669998,108.317047,13660400
10-08-2018,109.419998,109.690002,108.379997,109,107.655319,18183700
13-08-2018,109.239998,109.580002,108.099998,108.209999,106.875061,18472500
14-08-2018,108.559998,109.75,108.040001,109.559998,108.208405,16788300
15-08-2018,108.489998,108.989998,106.82,107.660004,106.741043,29982800
16-08-2018,108.300003,108.860001,107.300003,107.639999,106.721214,21384300
17-08-2018,107.360001,107.900002,106.690002,107.580002,106.661728,18061500
20-08-2018,107.510002,107.900002,106.480003,106.870003,105.957787,17914200
21-08-2018,106.919998,107.349998,105.849998,105.980003,105.075386,22881900
22-08-2018,105.849998,107.339996,105.779999,107.059998,106.146156,18000600
23-08-2018,107.150002,108.18,106.870003,107.559998,106.641891,18167700
24-08-2018,107.669998,108.559998,107.559998,108.400002,107.474731,17234000
27-08-2018,109.269997,109.639999,108.510002,109.599998,108.664482,19662300
28-08-2018,109.940002,110.5,109.790001,110.260002,109.318848,19151500
29-08-2018,110.449997,112.029999,110.269997,112.019997,111.063828,20818000
30-08-2018,111.669998,112.610001,111.440002,111.949997,110.994423,22798700
31-08-2018,111.690002,112.779999,111.519997,112.330002,111.371185,23222700
04-09-2018,110.849998,111.959999,110.220001,111.709999,110.75647,22634600
05-09-2018,111.010002,111.419998,108.099998,108.489998,107.563957,32872400
06-09-2018,108.25,108.989998,107.510002,108.739998,107.811821,23477600
07-09-2018,108.230003,108.720001,107.230003,108.209999,107.286346,22498600
10-09-2018,108.839996,109.639999,108.360001,109.379997,108.446358,20727900
11-09-2018,108.900002,111.589996,108.889999,111.239998,110.290482,24301800
12-09-2018,111.43,111.849998,110.510002,111.709999,110.75647,18891100
13-09-2018,112.120003,113.730003,112.120003,112.910004,111.946236,26055600
14-09-2018,113.360001,113.730003,112.440002,113.370003,112.402298,19122300
17-09-2018,113.690002,113.699997,111.860001,112.139999,111.1828,20736500
18-09-2018,112.190002,113.699997,111.720001,113.209999,112.243668,22170900
19-09-2018,113.050003,113.32,111.040001,111.699997,110.746552,21728400
20-09-2018,112.279999,113.800003,111.93,113.57,112.600594,23714500
21-09-2018,114,115.290001,113.510002,114.260002,113.284706,71229700
24-09-2018,113.029999,114.900002,112.220001,114.669998,113.691208,27334500
25-09-2018,114.800003,115.099998,113.75,114.449997,113.473083,22668000
26-09-2018,114.470001,115.059998,113.739998,113.980003,113.007103,19352000
27-09-2018,114.779999,114.910004,114.199997,114.410004,113.433426,19091300
28-09-2018,114.190002,114.57,113.68,114.370003,113.393768,21647800
01-10-2018,114.75,115.68,114.730003,115.610001,114.623184,18883100
02-10-2018,115.300003,115.839996,114.440002,115.150002,114.167114,20787200
03-10-2018,115.419998,116.18,114.93,115.169998,114.186935,16648000
04-10-2018,114.610001,114.760002,111.629997,112.790001,111.827248,34821700
05-10-2018,112.629997,113.169998,110.639999,112.129997,111.17289,29068900
08-10-2018,111.660004,112.029999,109.339996,110.849998,109.903809,29640600
09-10-2018,111.139999,113.080002,110.800003,112.260002,111.301773,26198600
10-10-2018,111.239998,111.5,105.790001,106.160004,105.253845,61376300
11-10-2018,105.349998,108.93,104.199997,105.910004,105.005981,63904300
12-10-2018,109.010002,111.239998,107.120003,109.57,108.634735,47742100
15-10-2018,108.910004,109.480003,106.949997,107.599998,106.681557,32068100
16-10-2018,109.540001,111.410004,108.949997,111,110.052536,31610200
17-10-2018,111.68,111.809998,109.550003,110.709999,109.765007,26548200
18-10-2018,110.099998,110.529999,107.830002,108.5,107.573868,32506200
19-10-2018,108.93,110.860001,108.209999,108.660004,107.732506,32785500
22-10-2018,109.32,110.540001,108.239998,109.629997,108.694221,26545600
23-10-2018,107.769997,108.970001,105.110001,108.099998,107.177284,43770400
24-10-2018,108.410004,108.489998,101.589996,102.32,101.446625,63897800
25-10-2018,106.550003,109.269997,106.150002,108.300003,107.37558,61646800
26-10-2018,105.690002,108.75,104.760002,106.959999,106.047012,55523100
29-10-2018,108.110001,108.699997,101.629997,103.849998,102.963562,55162000
30-10-2018,103.660004,104.379997,100.110001,103.730003,102.844597,65350900
31-10-2018,105.440002,108.139999,105.389999,106.809998,105.898293,51062400
01-11-2018,107.050003,107.32,105.529999,105.919998,105.015892,33384200
02-11-2018,106.480003,107.32,104.980003,106.160004,105.253845,37680200
05-11-2018,106.370003,107.739998,105.900002,107.510002,106.592323,27922100
06-11-2018,107.379997,108.839996,106.279999,107.720001,106.800529,24340200
07-11-2018,109.440002,112.239998,109.400002,111.959999,111.004333,37901700
08-11-2018,111.800003,112.209999,110.910004,111.75,110.796135,25644100
09-11-2018,110.849998,111.449997,108.760002,109.57,108.634735,32039200
12-11-2018,109.419998,109.959999,106.099998,106.870003,105.957787,33621800
13-11-2018,107.550003,108.739998,106.639999,106.940002,106.027191,35374600
14-11-2018,108.099998,108.260002,104.470001,104.970001,104.523613,39495100
15-11-2018,104.989998,107.800003,103.910004,107.279999,106.823784,38505200
16-11-2018,107.080002,108.879997,106.800003,108.290001,107.829491,33502100
19-11-2018,108.269997,108.559998,103.550003,104.620003,104.175102,44773900
20-11-2018,101.800003,102.970001,99.349998,101.709999,101.277473,64052500
21-11-2018,103.599998,104.43,102.239998,103.110001,102.671516,28130600
23-11-2018,102.169998,103.809998,102,103.07,102.631691,13823100
26-11-2018,104.790001,106.629997,104.580002,106.470001,106.017235,32336200
27-11-2018,106.269997,107.330002,105.360001,107.139999,106.68438,29124500
28-11-2018,107.889999,111.330002,107.860001,111.120003,110.647461,46788500
29-11-2018,110.330002,111.120003,109.029999,110.190002,109.721413,28123200
30-11-2018,110.699997,110.970001,109.360001,110.889999,110.418434,33665600
03-12-2018,113,113.419998,110.730003,112.089996,111.613327,34732800
04-12-2018,111.940002,112.639999,108.209999,108.519997,108.05851,45197000
06-12-2018,105.82,109.239998,105,109.190002,108.72567,49107400
07-12-2018,108.379997,109.449997,104.300003,104.82,104.374245,45044900
10-12-2018,104.800003,107.980003,103.889999,107.589996,107.132462,40801500
11-12-2018,109.800003,110.949997,107.440002,108.589996,108.128212,42381900
12-12-2018,110.889999,111.269997,109.040001,109.080002,108.616135,36183000
13-12-2018,109.580002,110.870003,108.629997,109.449997,108.984558,31333400
14-12-2018,108.25,109.260002,105.5,106.029999,105.579102,47043100
17-12-2018,105.410004,105.800003,101.709999,102.889999,102.452454,56957300
18-12-2018,103.75,104.510002,102.519997,103.970001,103.527863,49319200
19-12-2018,103.650002,106.879997,101.349998,103.690002,103.249054,68198200
20-12-2018,103.050003,104.309998,98.779999,101.510002,101.078323,70334200
21-12-2018,101.629997,103,97.459999,98.230003,97.812279,111242100
24-12-2018,97.68,97.970001,93.980003,94.129997,93.729706,43935200
26-12-2018,95.139999,100.690002,93.959999,100.559998,100.132362,51634800
27-12-2018,99.300003,101.190002,96.400002,101.18,100.749725,49498500
28-12-2018,102.089996,102.410004,99.519997,100.389999,99.963089,38196300
31-12-2018,101.290001,102.400002,100.440002,101.57,101.138069,33173800
